,"(mm) Precipitation (gridMET), CE_ID_0 ,2014-01-01 to 2024-11-25","(deg C) Mean Temperature (gridMET), CE_ID_0 ,2014-01-01 to 2024-11-25"
"2014-01-01",0,-5.4925
"2014-01-02",0,-3.6111
"2014-01-03",0,-4.0498
"2014-01-04",0,-10.3199
"2014-01-05",0,-12.9238
"2014-01-06",0,-9.1684
"2014-01-07",2.6398,-5.8484
"2014-01-08",5.3911,-4.9222
"2014-01-09",14.4857,-7.0735
"2014-01-10",11.9056,-6.0679
"2014-01-11",17.6041,-1.1598
"2014-01-12",18.0089,-6.5529
"2014-01-13",7.2028,-4.7861
"2014-01-14",0,-4.5779
"2014-01-15",0,-4.1003
"2014-01-16",0,-4.0061
"2014-01-17",0,-2.8813
"2014-01-18",0,-1.511
"2014-01-19",0,-1.2423
"2014-01-20",0,-1.0522
"2014-01-21",0.5461,-1.7559
"2014-01-22",0,-2.865
"2014-01-23",0,-6.3495
"2014-01-24",0,-3.376
"2014-01-25",0,-1.4261
"2014-01-26",0,-3.4452
"2014-01-27",0,-6.9986
"2014-01-28",0,-8.6608
"2014-01-29",35.9898,-2.4297
"2014-01-30",6.8642,-6.1469
"2014-01-31",0,-8.0621
"2014-02-01",0,-9.7664
"2014-02-02",0,-9.5627
"2014-02-03",6.0495,-9.4614
"2014-02-04",0,-13.3842
"2014-02-05",7.594,-13.2666
"2014-02-06",11.1343,-9.6428
"2014-02-07",41.5695,-5.8307
"2014-02-08",42.811,-2.45
"2014-02-09",6.1209,-2.7506
"2014-02-10",11.2393,-3.0835
"2014-02-11",3.7334,-3.6267
"2014-02-12",14.3665,-2.194
"2014-02-13",13.8467,-0.6787
"2014-02-14",23.4852,-1.1532
"2014-02-15",0,3.1367
"2014-02-16",15.5345,-2.9428
"2014-02-17",0,-2.5024
"2014-02-18",0.8029,-2.0712
"2014-02-19",6.7006,-5.2315
"2014-02-20",0,-8.5254
"2014-02-21",1.783,-4.1289
"2014-02-22",19.6139,-4.832
"2014-02-23",0,-0.665
"2014-02-24",0,1.5308
"2014-02-25",0,0.4404
"2014-02-26",0,0.9964
"2014-02-27",16.6209,0.4399
"2014-02-28",12.0672,0.7537
"2014-03-01",55.5324,-1.0941
"2014-03-02",7.1041,0.0736
"2014-03-03",7.2935,1.3939
"2014-03-04",6.0115,-0.1556
"2014-03-05",2.8898,0.2063
"2014-03-06",13.2874,0.9237
"2014-03-07",0,-0.9157
"2014-03-08",0,0.3064
"2014-03-09",1.3856,1.6426
"2014-03-10",13.6904,1.2082
"2014-03-11",2.2877,-4.0118
"2014-03-12",0.7152,-2.3244
"2014-03-13",0,-1.0618
"2014-03-14",5.911,-0.5863
"2014-03-15",0,-0.8042
"2014-03-16",0,1.8435
"2014-03-17",13.7131,-1.6994
"2014-03-18",2.3701,-6.4291
"2014-03-19",0,-5.1151
"2014-03-20",0,-0.2745
"2014-03-21",0,-3.6646
"2014-03-22",0,-2.8512
"2014-03-23",0,-1.932
"2014-03-24",0,-0.0649
"2014-03-25",0,3.7014
"2014-03-26",3.5344,-0.4227
"2014-03-27",19.7804,-1.5413
"2014-03-28",3.3646,-1.4987
"2014-03-29",0.8965,0.9945
"2014-03-30",35.8723,-0.788
"2014-03-31",1.4254,-2.6926
"2014-04-01",11.4039,-2.6929
"2014-04-02",0.8571,-4.1964
"2014-04-03",0.6966,-2.3909
"2014-04-04",0,-1.4425
"2014-04-05",1.1436,-0.4154
"2014-04-06",9.8532,-1.0817
"2014-04-07",0,1.3958
"2014-04-08",0,5.4464
"2014-04-09",0,7.0681
"2014-04-10",0,5.3779
"2014-04-11",0,6.8393
"2014-04-12",0,4.5482
"2014-04-13",0,-2.6993
"2014-04-14",0,-2.7066
"2014-04-15",0,2.2292
"2014-04-16",0,-0.2418
"2014-04-17",0,3.4445
"2014-04-18",7.0886,4.187
"2014-04-19",0,5.4184
"2014-04-20",0,5.1146
"2014-04-21",0.7108,5.8555
"2014-04-22",10.9661,4.8886
"2014-04-23",4.7853,-1.7075
"2014-04-24",0,0.574
"2014-04-25",8.9106,4.2635
"2014-04-26",16.3702,-0.8952
"2014-04-27",7.1328,-1.757
"2014-04-28",6.0876,-3.0298
"2014-04-29",0,-1.6685
"2014-04-30",0,2.1997
"2014-05-01",0,5.2526
"2014-05-02",0,7.6073
"2014-05-03",0,10.349
"2014-05-04",0,8.945
"2014-05-05",0,6.9301
"2014-05-06",1.62,4.9944
"2014-05-07",10.5965,1.411
"2014-05-08",0,1.8232
"2014-05-09",26.7226,2.3415
"2014-05-10",5.3792,1.8964
"2014-05-11",0.1427,1.3143
"2014-05-12",2.0302,-0.0992
"2014-05-13",0,1.4445
"2014-05-14",0,4.7575
"2014-05-15",0,8.5215
"2014-05-16",0,10.7277
"2014-05-17",0,9.9047
"2014-05-18",0,7.4825
"2014-05-19",0,6.1965
"2014-05-20",0,8.1352
"2014-05-21",0,9.2747
"2014-05-22",0,10.9611
"2014-05-23",0.3779,10.9488
"2014-05-24",11.1944,8.7376
"2014-05-25",0,9.5539
"2014-05-26",0,11.555
"2014-05-27",0,12.9765
"2014-05-28",0,13.8975
"2014-05-29",0,9.7405
"2014-05-30",0,11.7581
"2014-05-31",0,11.5474
"2014-06-01",0,7.9474
"2014-06-02",0,11.0421
"2014-06-03",0,11.2672
"2014-06-04",0,9.9747
"2014-06-05",0,9.9586
"2014-06-06",0,11.2749
"2014-06-07",0,9.8804
"2014-06-08",0,8.5777
"2014-06-09",0,10.1282
"2014-06-10",0,12.3434
"2014-06-11",0,10.2742
"2014-06-12",0,12.8645
"2014-06-13",0,9.707
"2014-06-14",0,4.2838
"2014-06-15",0,6.6668
"2014-06-16",7.1665,6.7216
"2014-06-17",9.5606,0.5605
"2014-06-18",1.3976,1.1218
"2014-06-19",0,6.6142
"2014-06-20",0,12.0772
"2014-06-21",0,13.0504
"2014-06-22",0,12.7131
"2014-06-23",0,12.5764
"2014-06-24",0,14.7493
"2014-06-25",0,14.769
"2014-06-26",3.0068,10.5376
"2014-06-27",19.6067,7.0732
"2014-06-28",0,9.0548
"2014-06-29",0,11.5765
"2014-06-30",0,10.2431
"2014-07-01",0,12.2044
"2014-07-02",0,14.3291
"2014-07-03",0,17.0128
"2014-07-04",0,16.4584
"2014-07-05",0,17.3758
"2014-07-06",0,17.9344
"2014-07-07",0,17.7158
"2014-07-08",0,16.857
"2014-07-09",0,17.6505
"2014-07-10",0,16.2281
"2014-07-11",0,13.4665
"2014-07-12",0,15.7103
"2014-07-13",0,17.0726
"2014-07-14",0,18.3828
"2014-07-15",0,16.6365
"2014-07-16",0,14.1461
"2014-07-17",0,14.9088
"2014-07-18",0,16.4375
"2014-07-19",0,16.3157
"2014-07-20",0,16.0993
"2014-07-21",0,15.6088
"2014-07-22",0,16.5352
"2014-07-23",0,19.1854
"2014-07-24",0,15.7976
"2014-07-25",0,15.0412
"2014-07-26",0,15.7296
"2014-07-27",0,18.103
"2014-07-28",0,16.6144
"2014-07-29",22.3815,10.7526
"2014-07-30",3.4731,10.3795
"2014-07-31",0,12.3535
"2014-08-01",0,15.2396
"2014-08-02",0,16.3976
"2014-08-03",0,16.5148
"2014-08-04",8.5355,13.818
"2014-08-05",17.1682,12.3526
"2014-08-06",0,12.1564
"2014-08-07",2.2962,12.2053
"2014-08-08",6.2479,12.0983
"2014-08-09",0,12.7227
"2014-08-10",0,14.6973
"2014-08-11",0,16.8875
"2014-08-12",6.3317,14.8283
"2014-08-13",10.2219,13.015
"2014-08-14",0.5615,13.9741
"2014-08-15",1.6986,14.7714
"2014-08-16",0,14.4899
"2014-08-17",0,15.5942
"2014-08-18",0,16.4132
"2014-08-19",0.5921,12.0817
"2014-08-20",15.3987,11.9985
"2014-08-21",11.2337,10.7656
"2014-08-22",23.4969,7.8006
"2014-08-23",5.9004,6.1336
"2014-08-24",1.1642,8.7061
"2014-08-25",7.9075,8.926
"2014-08-26",2.6145,10.7929
"2014-08-27",0,10.4397
"2014-08-28",0,11.984
"2014-08-29",0,13.7599
"2014-08-30",1.7948,11.5752
"2014-08-31",10.9504,8.1223
"2014-09-01",0,9.2344
"2014-09-02",0,11.6864
"2014-09-03",0,11.2614
"2014-09-04",0.5454,8.3512
"2014-09-05",0,10.9497
"2014-09-06",0,13.0461
"2014-09-07",0,13.8392
"2014-09-08",2.6378,13.171
"2014-09-09",2.662,10.2913
"2014-09-10",0.5928,8.8628
"2014-09-11",0,4.3243
"2014-09-12",0,4.9121
"2014-09-13",0,11.0475
"2014-09-14",0,13.7011
"2014-09-15",0,14.6307
"2014-09-16",0,15.4706
"2014-09-17",0,16.7856
"2014-09-18",5.986,14.83
"2014-09-19",2.3314,11.9187
"2014-09-20",0,13.1501
"2014-09-21",2.4701,9.0213
"2014-09-22",0.0022,10.114
"2014-09-23",0,11.558
"2014-09-24",0,14.4875
"2014-09-25",0,15.4259
"2014-09-26",0.0372,14.2469
"2014-09-27",52.1119,7.0892
"2014-09-28",19.1664,5.1472
"2014-09-29",4.4938,5.0075
"2014-09-30",22.5116,1.9504
"2014-10-01",3.8566,0.5385
"2014-10-02",0,1.9888
"2014-10-03",0,4.4792
"2014-10-04",0,6.0634
"2014-10-05",0,7.3381
"2014-10-06",0,8.8516
"2014-10-07",0,9.4942
"2014-10-08",0,9.6184
"2014-10-09",0,9.2993
"2014-10-10",0,8.2867
"2014-10-11",7.9417,5.5985
"2014-10-12",5.261,0.9039
"2014-10-13",0,2.337
"2014-10-14",0.6775,7.6708
"2014-10-15",0,6.7948
"2014-10-16",0,4.1608
"2014-10-17",0,7.4177
"2014-10-18",0,8.4514
"2014-10-19",0,8.4519
"2014-10-20",0,9.7877
"2014-10-21",2.4914,2.7456
"2014-10-22",0,1.5808
"2014-10-23",0,6.1248
"2014-10-24",0,9.3283
"2014-10-25",6.7816,9.3326
"2014-10-26",1.5057,1.3058
"2014-10-27",0,-2.3216
"2014-10-28",0,-0.5273
"2014-10-29",0,3.2443
"2014-10-30",0,6.9248
"2014-10-31",0.2337,8.5107
"2014-11-01",1.2228,5.429
"2014-11-02",1.0069,-2.0743
"2014-11-03",0,-3.7181
"2014-11-04",0.028,-2.184
"2014-11-05",0,2.3263
"2014-11-06",0.5911,5.8502
"2014-11-07",0,3.1082
"2014-11-08",0.5807,3.2049
"2014-11-09",0,4.8895
"2014-11-10",0,-1.8532
"2014-11-11",0,-9.867
"2014-11-12",0,-15.7192
"2014-11-13",10.4703,-11.1114
"2014-11-14",47.5595,-3.6485
"2014-11-15",0,-13.1674
"2014-11-16",0,-14.2049
"2014-11-17",0,-10.8121
"2014-11-18",2.6396,-6.9891
"2014-11-19",0.8926,-2.227
"2014-11-20",0.1848,-1.0493
"2014-11-21",0,-0.5294
"2014-11-22",38.0911,-2.2981
"2014-11-23",22.2221,-5.754
"2014-11-24",4.8105,-6.5778
"2014-11-25",24.8894,-3.2849
"2014-11-26",0,1.4102
"2014-11-27",0,3.3806
"2014-11-28",0,5.2538
"2014-11-29",0,1.3633
"2014-11-30",8.658,-2.9951
"2014-12-01",8.0764,-1.5879
"2014-12-02",0,0.5945
"2014-12-03",3.0444,-0.8379
"2014-12-04",0,1.358
"2014-12-05",2.9009,1.8221
"2014-12-06",0,1.8295
"2014-12-07",0,1.3736
"2014-12-08",0,1.7317
"2014-12-09",0,2.8444
"2014-12-10",0,3.7528
"2014-12-11",0.6684,2.8687
"2014-12-12",0,4.2167
"2014-12-13",8.6952,-1.6843
"2014-12-14",0,-6.3354
"2014-12-15",0,-6.1704
"2014-12-16",0,-4.1692
"2014-12-17",0,-3.5668
"2014-12-18",0,-5.2702
"2014-12-19",5.987,-3.2745
"2014-12-20",12.799,-2.4896
"2014-12-21",50.8007,-1.2186
"2014-12-22",16.2219,-5.9168
"2014-12-23",0.7781,-8.5828
"2014-12-24",5.0615,-5.2729
"2014-12-25",8.0611,-6.9892
"2014-12-26",2.9587,-11.001
"2014-12-27",0,-12.9561
"2014-12-28",10.7517,-9.9275
"2014-12-29",0.1175,-14.9982
"2014-12-30",0,-20.0156
"2014-12-31",2.3188,-14.5719
"2015-01-01",2.8163,-8.6061
"2015-01-02",0,-7.7909
"2015-01-03",2.2458,-8.2085
"2015-01-04",0.9196,-5.3758
"2015-01-05",8.4661,-1.3597
"2015-01-06",0.6778,1.5672
"2015-01-07",0,3.3995
"2015-01-08",0,1.5765
"2015-01-09",0,-1.4675
"2015-01-10",0,-0.226
"2015-01-11",6.0765,-1.1075
"2015-01-12",5.8309,-1.5345
"2015-01-13",0.0927,-4.7858
"2015-01-14",0,-9.4868
"2015-01-15",0,-7.3929
"2015-01-16",15.9996,-4.6748
"2015-01-17",2.635,-4.0011
"2015-01-18",0,0.7214
"2015-01-19",0,-0.4498
"2015-01-20",0,-4.527
"2015-01-21",0,-6.4078
"2015-01-22",0,-7.3944
"2015-01-23",0,-5.4568
"2015-01-24",0,-5.344
"2015-01-25",0,0.2709
"2015-01-26",0,5.4294
"2015-01-27",3.5084,2.6736
"2015-01-28",7.8282,-1.7086
"2015-01-29",0,-2.176
"2015-01-30",0,-1.4721
"2015-01-31",0,-2.7919
"2015-02-01",1.2023,-4.4563
"2015-02-02",13.3391,-0.5142
"2015-02-03",26.5728,1.2228
"2015-02-04",12.3522,0.3649
"2015-02-05",0,3.2121
"2015-02-06",0,4.8742
"2015-02-07",0.7192,3.9378
"2015-02-08",0,3.4296
"2015-02-09",14.9489,1.3867
"2015-02-10",0,-2.5851
"2015-02-11",0,-0.4905
"2015-02-12",0,2.0305
"2015-02-13",0,4.0077
"2015-02-14",0,4.2255
"2015-02-15",0,-1.398
"2015-02-16",0,-4.721
"2015-02-17",0,-5.902
"2015-02-18",0,-0.209
"2015-02-19",0,2.1382
"2015-02-20",2.8149,-1.9387
"2015-02-21",5.1587,-6.181
"2015-02-22",3.4663,-12.7452
"2015-02-23",0.1535,-10.4217
"2015-02-24",0,-3.3206
"2015-02-25",0.1513,-3.184
"2015-02-26",0.5166,-6.8539
"2015-02-27",1.1474,-6.8265
"2015-02-28",0,-6.406
"2015-03-01",0,-5.1096
"2015-03-02",2.6113,-4.4515
"2015-03-03",8.9833,-6.5898
"2015-03-04",1.1799,-7.8213
"2015-03-05",0,-4.7914
"2015-03-06",0,-0.3315
"2015-03-07",0,2.6849
"2015-03-08",0,1.8852
"2015-03-09",0,0.8375
"2015-03-10",0,3.6802
"2015-03-11",0,4.1651
"2015-03-12",0.9663,3.0818
"2015-03-13",0,4.7235
"2015-03-14",0.7829,4.3732
"2015-03-15",0,8.0352
"2015-03-16",0,8.6993
"2015-03-17",0,6.9312
"2015-03-18",0,2.221
"2015-03-19",0,1.9304
"2015-03-20",0,4.8816
"2015-03-21",0,5.6829
"2015-03-22",0,3.6238
"2015-03-23",18.7624,0.4451
"2015-03-24",26.8571,-3.0594
"2015-03-25",0,-2.6422
"2015-03-26",0,1.6604
"2015-03-27",0,6.3882
"2015-03-28",0,4.9418
"2015-03-29",0,3.5122
"2015-03-30",0,7.1833
"2015-03-31",0,7.3319
"2015-04-01",0,-1.2399
"2015-04-02",0,-3.8527
"2015-04-03",0,-3.2728
"2015-04-04",0,1.6214
"2015-04-05",0,4.2347
"2015-04-06",0,0.7054
"2015-04-07",0.5845,1.0064
"2015-04-08",6.1435,0.0519
"2015-04-09",0,1.408
"2015-04-10",0,2.8159
"2015-04-11",6.4761,4.459
"2015-04-12",0.5685,-0.3482
"2015-04-13",0.568,4.3461
"2015-04-14",5.8289,2.8458
"2015-04-15",12.5391,-4.6544
"2015-04-16",0,1.2202
"2015-04-17",0,4.3295
"2015-04-18",0,5.1906
"2015-04-19",0,4.4874
"2015-04-20",0,5.2707
"2015-04-21",0,6.9586
"2015-04-22",0.6119,8.3133
"2015-04-23",2.1789,5.3476
"2015-04-24",10.3648,4.3539
"2015-04-25",7.2899,1.3486
"2015-04-26",8.5058,0.2012
"2015-04-27",0,4.4941
"2015-04-28",0,7.3953
"2015-04-29",0,9.206
"2015-04-30",0,6.4092
"2015-05-01",0,7.8259
"2015-05-02",0,9.4427
"2015-05-03",0,8.7939
"2015-05-04",2.2107,7.8944
"2015-05-05",0,7.5084
"2015-05-06",10.067,5.458
"2015-05-07",21.888,4.8152
"2015-05-08",4.7088,4.7732
"2015-05-09",20.5358,0.769
"2015-05-10",0,1.9293
"2015-05-11",0,4.6296
"2015-05-12",0,8.5502
"2015-05-13",0,7.9158
"2015-05-14",4.4191,6.4783
"2015-05-15",5.87,2.0361
"2015-05-16",16.4637,0.2088
"2015-05-17",0,3.8755
"2015-05-18",21.1582,5.4487
"2015-05-19",11.4566,2.8066
"2015-05-20",5.1491,4.2337
"2015-05-21",2.2152,6.1268
"2015-05-22",8.6809,5.2841
"2015-05-23",14.3921,4.2396
"2015-05-24",7.0033,4.9022
"2015-05-25",1.0613,6.523
"2015-05-26",2.7038,5.3041
"2015-05-27",7.4016,6.0865
"2015-05-28",6.339,5.0029
"2015-05-29",0,7.7635
"2015-05-30",0,10.5116
"2015-05-31",0,13.3922
"2015-06-01",0,12.5854
"2015-06-02",0,10.3212
"2015-06-03",9.1398,10.0563
"2015-06-04",0,9.7347
"2015-06-05",0,9.7108
"2015-06-06",0,8.1924
"2015-06-07",0.1417,9.8564
"2015-06-08",0,12.5157
"2015-06-09",0,13.8183
"2015-06-10",3.026,12.5453
"2015-06-11",0,11.8079
"2015-06-12",0,12.8174
"2015-06-13",0.4917,12.0218
"2015-06-14",0,12.9554
"2015-06-15",0,14.4081
"2015-06-16",0,13.9244
"2015-06-17",0,14.6243
"2015-06-18",0,16.4647
"2015-06-19",0,14.9915
"2015-06-20",0,13.4806
"2015-06-21",0,15.2715
"2015-06-22",0,13.7765
"2015-06-23",0,15.3143
"2015-06-24",0,16.5982
"2015-06-25",0,16.7546
"2015-06-26",0,17.0311
"2015-06-27",0,18.8224
"2015-06-28",0,19.7162
"2015-06-29",0,19.8416
"2015-06-30",0,19.2174
"2015-07-01",0,18.252
"2015-07-02",0,18.19
"2015-07-03",0,17.7651
"2015-07-04",0,18.7412
"2015-07-05",8.801,12.9033
"2015-07-06",2.7526,13.6491
"2015-07-07",8.6635,12.5048
"2015-07-08",8.3563,10.2826
"2015-07-09",1.4183,12.368
"2015-07-10",1.1282,11.4891
"2015-07-11",0,12.1188
"2015-07-12",0,13.0655
"2015-07-13",0,13.5477
"2015-07-14",0,14.4763
"2015-07-15",0.0028,12.7985
"2015-07-16",0,13.6059
"2015-07-17",1.3174,11.4266
"2015-07-18",9.3828,9.559
"2015-07-19",1.1621,10.2927
"2015-07-20",2.1356,10.2361
"2015-07-21",0,12.5535
"2015-07-22",0.311,13.4614
"2015-07-23",1.1076,12.7608
"2015-07-24",0,13.6827
"2015-07-25",0.6425,13.8825
"2015-07-26",0,15.6685
"2015-07-27",5.1733,8.6057
"2015-07-28",0,6.9797
"2015-07-29",0,10.4123
"2015-07-30",0,13.8236
"2015-07-31",0,15.6667
"2015-08-01",0,16.7787
"2015-08-02",0,18.1524
"2015-08-03",21.5948,10.8843
"2015-08-04",0,13.2234
"2015-08-05",2.8387,13.0864
"2015-08-06",0,11.8467
"2015-08-07",2.6075,10.891
"2015-08-08",4.5846,9.8313
"2015-08-09",0,11.5008
"2015-08-10",0.855,14.1345
"2015-08-11",0.4392,16.2194
"2015-08-12",0,15.1787
"2015-08-13",0,16.8679
"2015-08-14",0.0252,17.8121
"2015-08-15",0,16.1625
"2015-08-16",2.2694,14.6387
"2015-08-17",0.6515,13.1778
"2015-08-18",0,10.917
"2015-08-19",0,11.5321
"2015-08-20",0,13.0604
"2015-08-21",0,14.8509
"2015-08-22",0,11.2534
"2015-08-23",0,13.078
"2015-08-24",0,17.408
"2015-08-25",0,18.8042
"2015-08-26",5.4547,12.3782
"2015-08-27",5.4797,13.2006
"2015-08-28",0,15.0409
"2015-08-29",0,16.9569
"2015-08-30",1.9999,13.6055
"2015-08-31",0,12.5557
"2015-09-01",0,15.4421
"2015-09-02",0,15.8875
"2015-09-03",0,14.9347
"2015-09-04",2.1517,14.2869
"2015-09-05",3.5946,7.0019
"2015-09-06",0.0196,5.9169
"2015-09-07",0,9.021
"2015-09-08",0,10.1349
"2015-09-09",0,12.892
"2015-09-10",0,13.9943
"2015-09-11",0,15.1148
"2015-09-12",0,15.4833
"2015-09-13",0,15.4887
"2015-09-14",6.2474,11.8938
"2015-09-15",17.5877,7.7335
"2015-09-16",42.147,3.729
"2015-09-17",10.195,3.7377
"2015-09-18",1.4132,4.7836
"2015-09-19",0,6.46
"2015-09-20",0,9.7879
"2015-09-21",0,12.8063
"2015-09-22",0,14.5794
"2015-09-23",0,14.2099
"2015-09-24",0,15.0084
"2015-09-25",0,16.1354
"2015-09-26",0,15.594
"2015-09-27",0,14.6836
"2015-09-28",2.7565,12.7716
"2015-09-29",0,13.0978
"2015-09-30",0,14.3315
"2015-10-01",5.0223,13.5878
"2015-10-02",5.8791,6.6552
"2015-10-03",5.4976,6.9191
"2015-10-04",2.6054,7.7318
"2015-10-05",0,8.9094
"2015-10-06",5.4926,7.642
"2015-10-07",0,8.0716
"2015-10-08",0,9.3623
"2015-10-09",0,10.0721
"2015-10-10",0,11.832
"2015-10-11",0,7.9446
"2015-10-12",0,8.2638
"2015-10-13",0,10.5947
"2015-10-14",0,10.9727
"2015-10-15",0,11.1789
"2015-10-16",1.187,10.7685
"2015-10-17",1.5475,10.093
"2015-10-18",3.3213,9.2337
"2015-10-19",4.6244,4.9013
"2015-10-20",1.6602,3.7546
"2015-10-21",0,4.2052
"2015-10-22",0.8995,4.4158
"2015-10-23",1.3124,3.4866
"2015-10-24",0,5.1344
"2015-10-25",0,6.0018
"2015-10-26",0,4.1852
"2015-10-27",0,0.2711
"2015-10-28",0,0.7573
"2015-10-29",4.5498,-0.1339
"2015-10-30",3.1182,-1.0554
"2015-10-31",1.3187,4.0561
"2015-11-01",7.0172,4.8458
"2015-11-02",0.0074,5.0424
"2015-11-03",15.439,1.7557
"2015-11-04",1.5832,-2.9116
"2015-11-05",3.3716,-4.9061
"2015-11-06",6.3121,-5.5775
"2015-11-07",1.0618,-2.9602
"2015-11-08",0,-0.288
"2015-11-09",12.7356,0.2216
"2015-11-10",0.2029,-3.6686
"2015-11-11",0,-4.9404
"2015-11-12",0,-4.2457
"2015-11-13",0,-1.4019
"2015-11-14",1.0435,2.6293
"2015-11-15",0,1.2722
"2015-11-16",0,-4.8298
"2015-11-17",0,-7.0969
"2015-11-18",0.1061,-4.1154
"2015-11-19",24.2636,-2.1584
"2015-11-20",11.741,-6.3547
"2015-11-21",0,-7.723
"2015-11-22",1.3232,-1.7712
"2015-11-23",0.987,1.0827
"2015-11-24",0,-0.3444
"2015-11-25",6.5338,-3.8196
"2015-11-26",0,-12.0397
"2015-11-27",0.1227,-12.4257
"2015-11-28",1.9773,-10.7878
"2015-11-29",1.3319,-11.9017
"2015-11-30",0,-11.8303
"2015-12-01",0.0252,-9.246
"2015-12-02",3.8402,-5.8078
"2015-12-03",0,-1.4948
"2015-12-04",0,-2.1115
"2015-12-05",0,-4.9426
"2015-12-06",0.0242,-2.0007
"2015-12-07",13.8164,0.6482
"2015-12-08",0,2.4466
"2015-12-09",0,2.7944
"2015-12-10",14.8931,0.4043
"2015-12-11",0,-5.848
"2015-12-12",0.026,-6.3793
"2015-12-13",3.2416,-3.8615
"2015-12-14",9.3916,-6.4431
"2015-12-15",1.5684,-8.572
"2015-12-16",12.3641,-9.2962
"2015-12-17",1.7598,-11.4416
"2015-12-18",5.1788,-2.4396
"2015-12-19",1.8498,-0.9428
"2015-12-20",12.4123,-4.5446
"2015-12-21",38.9266,-4.8711
"2015-12-22",16.1008,-6.1579
"2015-12-23",19.0934,-9.0873
"2015-12-24",8.9054,-9.5056
"2015-12-25",0,-11.4975
"2015-12-26",0,-12.3616
"2015-12-27",1.8739,-11.2917
"2015-12-28",0.0534,-10.4159
"2015-12-29",1.1214,-12.6687
"2015-12-30",2.6094,-14.6023
"2015-12-31",0,-13.5426
"2016-01-01",0,-14.3448
"2016-01-02",3.5711,-10.8006
"2016-01-03",0.0013,-3.2163
"2016-01-04",0,-3.1283
"2016-01-05",2.6162,-3.9539
"2016-01-06",3.8598,-3.0512
"2016-01-07",0,-5.4712
"2016-01-08",0,-8.2981
"2016-01-09",3.8082,-9.0237
"2016-01-10",0,-11.5981
"2016-01-11",0,-12.0832
"2016-01-12",0,-8.7372
"2016-01-13",0.0356,-3.9587
"2016-01-14",9.1383,-9.4778
"2016-01-15",10.9592,-8.4561
"2016-01-16",8.9747,-7.2443
"2016-01-17",5.7142,-4.2367
"2016-01-18",17.3834,-4.3917
"2016-01-19",2.551,-6.4574
"2016-01-20",13.0758,-6.7094
"2016-01-21",0.0133,-6.7573
"2016-01-22",0.7695,-1.1948
"2016-01-23",5.3085,-2.6309
"2016-01-24",10.4977,-6.1857
"2016-01-25",1.5408,-8.0841
"2016-01-26",0,-8.2512
"2016-01-27",0,-4.4731
"2016-01-28",7.2612,-0.672
"2016-01-29",13.5512,-2.85
"2016-01-30",17.6355,-6.9315
"2016-01-31",1.9322,-7.8416
"2016-02-01",0.9089,-11.4277
"2016-02-02",0,-12.1355
"2016-02-03",1.8536,-11.2096
"2016-02-04",9.6124,-10.9819
"2016-02-05",0.0794,-6.2701
"2016-02-06",2.9223,-4.1799
"2016-02-07",0,-3.2988
"2016-02-08",0,-1.2751
"2016-02-09",0,2.5621
"2016-02-10",0,1.7752
"2016-02-11",0,2.6963
"2016-02-12",0,4.359
"2016-02-13",0,-0.6728
"2016-02-14",20.065,-1.9207
"2016-02-15",6.0229,0.5146
"2016-02-16",0,1.2486
"2016-02-17",2.4678,3.5644
"2016-02-18",18.9906,-0.7112
"2016-02-19",0.4081,-0.9915
"2016-02-20",8.9808,-3.9335
"2016-02-21",0,-2.5666
"2016-02-22",3.7729,-7.2395
"2016-02-23",0,-5.3786
"2016-02-24",0,-3.7814
"2016-02-25",0,-0.4167
"2016-02-26",0,2.3702
"2016-02-27",0,1.1216
"2016-02-28",0,-1.1119
"2016-02-29",8.8804,-2.5619
"2016-03-01",1.1436,-0.0689
"2016-03-02",0,0.3781
"2016-03-03",0,3.249
"2016-03-04",0,3.7253
"2016-03-05",0,4.6702
"2016-03-06",12.8214,-0.5962
"2016-03-07",0,-3.5528
"2016-03-08",1.461,-3.2422
"2016-03-09",17.9132,-2.0008
"2016-03-10",0,4.0765
"2016-03-11",0,5.5045
"2016-03-12",0.6815,3.4217
"2016-03-13",5.2412,1.6681
"2016-03-14",30.5646,-4.1305
"2016-03-15",12.6759,-6.9508
"2016-03-16",23.7353,-4.6506
"2016-03-17",8.9952,-4.3431
"2016-03-18",0.9457,-5.6206
"2016-03-19",0.0285,-2.0962
"2016-03-20",0.0297,3.6903
"2016-03-21",0.3979,4.4973
"2016-03-22",25.3056,-1.6753
"2016-03-23",2.1825,-1.8168
"2016-03-24",11.5746,-1.5237
"2016-03-25",0,-4.1141
"2016-03-26",0.9457,-3.4652
"2016-03-27",1.5247,-0.9398
"2016-03-28",12.8875,-1.5316
"2016-03-29",25.5548,-0.2488
"2016-03-30",4.3156,-0.5268
"2016-03-31",0.0285,-0.7061
"2016-04-01",0.0214,0.4375
"2016-04-02",0,2.4529
"2016-04-03",0,6.0566
"2016-04-04",0,5.4815
"2016-04-05",0,0.2198
"2016-04-06",0,2.6408
"2016-04-07",0,7.2474
"2016-04-08",0,8.8678
"2016-04-09",0,6.6566
"2016-04-10",2.9584,6.8948
"2016-04-11",0.4651,6.5681
"2016-04-12",0.3254,7.813
"2016-04-13",15.1326,3.8878
"2016-04-14",22.9715,-1.5586
"2016-04-15",1.5027,-1.0489
"2016-04-16",0,-1.0529
"2016-04-17",0,0.9212
"2016-04-18",0,1.2877
"2016-04-19",0,5.8862
"2016-04-20",0,8.3869
"2016-04-21",0,10.1395
"2016-04-22",0,11.0048
"2016-04-23",6.2132,4.2131
"2016-04-24",6.4314,2.1327
"2016-04-25",4.307,2.9514
"2016-04-26",2.3846,2.6122
"2016-04-27",1.24,4.0334
"2016-04-28",1.159,1.2085
"2016-04-29",1.1487,1.9739
"2016-04-30",0.7257,2.1698
"2016-05-01",0,2.2011
"2016-05-02",0,4.2869
"2016-05-03",0,8.2206
"2016-05-04",0,10.382
"2016-05-05",0,12.6863
"2016-05-06",16.7378,5.6387
"2016-05-07",7.2896,4.3349
"2016-05-08",12.5502,4.538
"2016-05-09",0.0725,3.0742
"2016-05-10",4.4298,0.004
"2016-05-11",0,0.4149
"2016-05-12",0.2961,5.6688
"2016-05-13",0,10.8574
"2016-05-14",0,12.1109
"2016-05-15",5.1317,6.1339
"2016-05-16",9.1385,4.9042
"2016-05-17",0,5.1441
"2016-05-18",0,7.8212
"2016-05-19",19.4431,8.3437
"2016-05-20",6.4456,6.9779
"2016-05-21",15.2033,4.005
"2016-05-22",4.8959,2.7255
"2016-05-23",0,3.8271
"2016-05-24",2.4865,5.6884
"2016-05-25",4.5077,4.611
"2016-05-26",1.2264,5.1903
"2016-05-27",0.484,5.908
"2016-05-28",0,5.9772
"2016-05-29",3.611,8.5568
"2016-05-30",0,7.4319
"2016-05-31",0,7.985
"2016-06-01",0,9.5888
"2016-06-02",0,11.9486
"2016-06-03",0,12.1921
"2016-06-04",0,14.1189
"2016-06-05",0,15.4982
"2016-06-06",0,16.1119
"2016-06-07",0,14.8028
"2016-06-08",0,15.7396
"2016-06-09",0,15.6958
"2016-06-10",0,15.9272
"2016-06-11",4.1705,10.4372
"2016-06-12",4.6506,10.8914
"2016-06-13",11.5405,9.5008
"2016-06-14",0,9.9507
"2016-06-15",0,12.5027
"2016-06-16",0,9.1227
"2016-06-17",0,12.379
"2016-06-18",0,15.0344
"2016-06-19",0,13.3624
"2016-06-20",0,17.3681
"2016-06-21",0,16.0557
"2016-06-22",0,16.6163
"2016-06-23",0,17.5542
"2016-06-24",0,12.9501
"2016-06-25",0,9.2254
"2016-06-26",0,12.9542
"2016-06-27",0,17.4535
"2016-06-28",0,19.5864
"2016-06-29",1.8708,17.4448
"2016-06-30",2.1653,14.2371
"2016-07-01",0,14.5797
"2016-07-02",0,14.5903
"2016-07-03",0,15.796
"2016-07-04",0,15.9747
"2016-07-05",0,14.5686
"2016-07-06",0,12.9
"2016-07-07",0,11.9849
"2016-07-08",0,16.3168
"2016-07-09",0,16.4773
"2016-07-10",0,9.1136
"2016-07-11",0,6.1208
"2016-07-12",0,9.8784
"2016-07-13",0,12.1256
"2016-07-14",0,14.1108
"2016-07-15",0,16.2388
"2016-07-16",0,15.114
"2016-07-17",0,15.905
"2016-07-18",0,17.4765
"2016-07-19",0,18.2467
"2016-07-20",0,18.3582
"2016-07-21",0,19.4185
"2016-07-22",0,18.7586
"2016-07-23",0,15.1553
"2016-07-24",0,15.8337
"2016-07-25",0,18.4403
"2016-07-26",0,19.2082
"2016-07-27",0,18.1651
"2016-07-28",0,18.6858
"2016-07-29",0,18.3424
"2016-07-30",0,18.7381
"2016-07-31",0,18.2392
"2016-08-01",0,17.8231
"2016-08-02",0,18.8167
"2016-08-03",0,14.5008
"2016-08-04",0,13.7999
"2016-08-05",0,16.3178
"2016-08-06",0,15.5298
"2016-08-07",2.8286,15.4964
"2016-08-08",0,15.2036
"2016-08-09",0,15.2507
"2016-08-10",0,12.6814
"2016-08-11",1.0667,11.9162
"2016-08-12",0,12.3057
"2016-08-13",0,14.0579
"2016-08-14",0,16.4463
"2016-08-15",0,17.8136
"2016-08-16",0,17.2163
"2016-08-17",0,17.1723
"2016-08-18",0.0385,15.3701
"2016-08-19",0,13.3468
"2016-08-20",0,13.0608
"2016-08-21",0,15.4423
"2016-08-22",0,15.2976
"2016-08-23",0,12.6506
"2016-08-24",0,9.8729
"2016-08-25",0,10.3728
"2016-08-26",0,10.9778
"2016-08-27",0,12.0467
"2016-08-28",0,14.8144
"2016-08-29",0,16.4359
"2016-08-30",0,18.0789
"2016-08-31",0,18.4463
"2016-09-01",0,16.5877
"2016-09-02",0,15.3029
"2016-09-03",0,13.1865
"2016-09-04",0,9.7632
"2016-09-05",0,6.4255
"2016-09-06",1.8801,8.7714
"2016-09-07",0,9.8399
"2016-09-08",0,10.7026
"2016-09-09",0,8.4264
"2016-09-10",0,9.6108
"2016-09-11",0,13.5411
"2016-09-12",1.764,9.4148
"2016-09-13",10.8292,9.504
"2016-09-14",11.1954,5.4763
"2016-09-15",0.3172,5.0924
"2016-09-16",0,6.7136
"2016-09-17",0,8.0869
"2016-09-18",0,12.9844
"2016-09-19",0,13.9329
"2016-09-20",0,14.9283
"2016-09-21",13.4455,12.0069
"2016-09-22",26.571,7.7823
"2016-09-23",28.8319,1.1864
"2016-09-24",14.3642,2.2782
"2016-09-25",1.1516,5.2015
"2016-09-26",0,9.692
"2016-09-27",0,11.2759
"2016-09-28",0.723,13.1816
"2016-09-29",1.1796,10.7401
"2016-09-30",0,10.4262
"2016-10-01",4.6574,10.0242
"2016-10-02",1.6541,8.88
"2016-10-03",6.4836,2.0983
"2016-10-04",0.0356,0.9216
"2016-10-05",2.2501,0.1414
"2016-10-06",3.5109,0.0531
"2016-10-07",0,2.4636
"2016-10-08",0,7.1628
"2016-10-09",0,7.9637
"2016-10-10",0,9.3714
"2016-10-11",0,3.8856
"2016-10-12",0.9674,3.037
"2016-10-13",0,6.3418
"2016-10-14",11.8242,7.0028
"2016-10-15",31.0435,6.3897
"2016-10-16",59.1804,3.6506
"2016-10-17",31.1235,-2.105
"2016-10-18",9.2125,-0.3761
"2016-10-19",0,-1.791
"2016-10-20",1.6013,-0.0647
"2016-10-21",0,4.4691
"2016-10-22",0,6.8815
"2016-10-23",0,7.2406
"2016-10-24",4.7722,5.4322
"2016-10-25",3.577,5.3653
"2016-10-26",0,7.1869
"2016-10-27",0.0409,9.1121
"2016-10-28",12.0972,7.6218
"2016-10-29",2.5946,6.27
"2016-10-30",16.435,5.539
"2016-10-31",5.2751,0.6857
"2016-11-01",4.8382,-0.2816
"2016-11-02",0,1.0842
"2016-11-03",0.0214,4.9947
"2016-11-04",0,6.7413
"2016-11-05",0,7.1068
"2016-11-06",0,5.4042
"2016-11-07",0.8724,5.4461
"2016-11-08",0,7.3604
"2016-11-09",0,7.9045
"2016-11-10",0,7.5134
"2016-11-11",0,7.2923
"2016-11-12",0,5.6922
"2016-11-13",0,4.2293
"2016-11-14",0,5.7733
"2016-11-15",0,8.3346
"2016-11-16",0,0.3625
"2016-11-17",6.8103,-8.359
"2016-11-18",0,-6.4975
"2016-11-19",0,1.2279
"2016-11-20",0.4563,4.9368
"2016-11-21",13.5173,-0.3597
"2016-11-22",0,-3.2848
"2016-11-23",9.6509,-3.518
"2016-11-24",0,-5.187
"2016-11-25",0,-2.3697
"2016-11-26",2.8035,0.3791
"2016-11-27",19.4479,-4.9529
"2016-11-28",21.5872,-6.7451
"2016-11-29",0,-8.5071
"2016-11-30",0,-8.254
"2016-12-01",0,-8.6584
"2016-12-02",0,-9.0756
"2016-12-03",4.0006,-9.6056
"2016-12-04",4.4101,-4.6277
"2016-12-05",1.2562,-12.0631
"2016-12-06",0,-14.6859
"2016-12-07",0,-15.4407
"2016-12-08",13.5961,-11.7561
"2016-12-09",28.071,-2.1956
"2016-12-10",44.1774,-2.2709
"2016-12-11",10.5175,-6.0474
"2016-12-12",0,-8.0149
"2016-12-13",0,-8.6789
"2016-12-14",16.5335,-2.8753
"2016-12-15",16.3588,1.138
"2016-12-16",46.9964,-6.8818
"2016-12-17",0,-15.7318
"2016-12-18",0,-16.6807
"2016-12-19",7.74,-11.497
"2016-12-20",0.0169,-2.8203
"2016-12-21",0,-6.7752
"2016-12-22",0,-5.9099
"2016-12-23",3.0041,-5.8321
"2016-12-24",13.0526,-3.2715
"2016-12-25",12.176,-9.2672
"2016-12-26",0,-12.7296
"2016-12-27",7.3254,-11.1637
"2016-12-28",0.0854,-10.0782
"2016-12-29",0,-6.5788
"2016-12-30",0,-4.4333
"2016-12-31",2.6741,-7.3765
"2017-01-01",9.7498,-9.8261
"2017-01-02",1.0597,-12.4543
"2017-01-03",8.3164,-11.5205
"2017-01-04",42.9817,-9.559
"2017-01-05",0,-18.5608
"2017-01-06",0,-16.0431
"2017-01-07",8.9781,-11.087
"2017-01-08",17.676,-1.761
"2017-01-09",48.1144,-3.3024
"2017-01-10",39.5285,-5.3945
"2017-01-11",42.2549,-6.9901
"2017-01-12",1.7183,-8.7286
"2017-01-13",0,-6.3657
"2017-01-14",0,-4.2851
"2017-01-15",0,-6.7574
"2017-01-16",0,-7.3037
"2017-01-17",0,-5.2172
"2017-01-18",0,-3.2127
"2017-01-19",2.9315,-4.6297
"2017-01-20",2.3197,-5.8391
"2017-01-21",8.5855,-6.585
"2017-01-22",14.2274,-7.8033
"2017-01-23",29.4552,-5.9427
"2017-01-24",11.5199,-9.2167
"2017-01-25",1.7202,-9.2516
"2017-01-26",2.4495,-11.938
"2017-01-27",0,-12.3878
"2017-01-28",0,-9.6583
"2017-01-29",0,-1.5078
"2017-01-30",0,-2.6342
"2017-01-31",0,-2.2904
"2017-02-01",0,-1.2984
"2017-02-02",5.3159,-3.5072
"2017-02-03",9.5798,-0.2772
"2017-02-04",8.7048,-1.3631
"2017-02-05",1.7827,-0.0805
"2017-02-06",28.4921,-1.0444
"2017-02-07",38.6275,-1.3739
"2017-02-08",24.7357,0.4615
"2017-02-09",18.8753,4.2951
"2017-02-10",38.6003,0.219
"2017-02-11",11.4271,-5.1024
"2017-02-12",0,-3.1555
"2017-02-13",0,-1.0203
"2017-02-14",0,0.2156
"2017-02-15",0,1.948
"2017-02-16",1.5073,2.4222
"2017-02-17",5.7021,-0.7036
"2017-02-18",5.0517,1.0189
"2017-02-19",17.4362,-0.5742
"2017-02-20",17.2469,-0.596
"2017-02-21",20.162,-1.0088
"2017-02-22",12.1603,-4.4648
"2017-02-23",8.2257,-8.1886
"2017-02-24",4.4469,-11.6423
"2017-02-25",7.1995,-11.7986
"2017-02-26",0.0094,-10.2891
"2017-02-27",27.1327,-10.3017
"2017-02-28",0.5156,-11.92
"2017-03-01",0,-6.2686
"2017-03-02",0,-4.2748
"2017-03-03",0,-0.0818
"2017-03-04",0,2.2158
"2017-03-05",33.9359,-2.9084
"2017-03-06",25.6801,-10.2994
"2017-03-07",0,-5.7531
"2017-03-08",0,-0.6967
"2017-03-09",0,2.99
"2017-03-10",0,2.5993
"2017-03-11",0,2.0216
"2017-03-12",0,0.9382
"2017-03-13",0,2.5947
"2017-03-14",0,6.9212
"2017-03-15",0,7.8392
"2017-03-16",0,5.05
"2017-03-17",0.1027,6.3857
"2017-03-18",0,8.9087
"2017-03-19",0,7.2194
"2017-03-20",0,7.3313
"2017-03-21",15.2132,8.1031
"2017-03-22",29.3467,4.9288
"2017-03-23",14.5719,-1.1786
"2017-03-24",2.1862,0.9226
"2017-03-25",14.7642,-1.6404
"2017-03-26",1.039,-0.9161
"2017-03-27",13.5789,-0.0487
"2017-03-28",1.2515,-0.2151
"2017-03-29",0,1.4694
"2017-03-30",12.2364,2.4194
"2017-03-31",6.6199,2.1369
"2017-04-01",0,3.911
"2017-04-02",6.9984,-1.2158
"2017-04-03",0.6602,-3.6763
"2017-04-04",0,-3.702
"2017-04-05",0,-0.765
"2017-04-06",0,5.8071
"2017-04-07",3.4027,4.908
"2017-04-08",47.226,0.2226
"2017-04-09",4.1924,-3.6632
"2017-04-10",0,-2.6504
"2017-04-11",0,1.8465
"2017-04-12",4.2488,6.7874
"2017-04-13",0,6.6208
"2017-04-14",0,-2.0815
"2017-04-15",0,-2.6912
"2017-04-16",0,4.4068
"2017-04-17",0,4.6511
"2017-04-18",14.7487,4.1376
"2017-04-19",0.1913,2.5145
"2017-04-20",11.9563,1.8605
"2017-04-21",1.3963,-0.6456
"2017-04-22",0,2.0933
"2017-04-23",0,5.7119
"2017-04-24",23.7737,0.4427
"2017-04-25",8.0426,0.8196
"2017-04-26",15.1655,1.9208
"2017-04-27",13.3938,-2.8893
"2017-04-28",10.0751,-4.2292
"2017-04-29",0,-0.9793
"2017-04-30",0,0.6835
"2017-05-01",1.3535,3.7859
"2017-05-02",1.0032,3.5438
"2017-05-03",0,5.6687
"2017-05-04",0,10.1032
"2017-05-05",0,12.9108
"2017-05-06",0.0214,11.8859
"2017-05-07",0,9.8853
"2017-05-08",0,8.257
"2017-05-09",0,8.8584
"2017-05-10",0,8.5951
"2017-05-11",0,10.5539
"2017-05-12",0,9.1462
"2017-05-13",0,1.0407
"2017-05-14",0,3.7727
"2017-05-15",0,6.0408
"2017-05-16",7.7106,4.0925
"2017-05-17",10.7982,-2.6235
"2017-05-18",7.9065,-3.2407
"2017-05-19",0,0.7054
"2017-05-20",0,5.747
"2017-05-21",2.284,7.046
"2017-05-22",0.6189,7.5114
"2017-05-23",0,9.7595
"2017-05-24",0.2056,9.3491
"2017-05-25",1.7042,4.5707
"2017-05-26",0,3.6607
"2017-05-27",0,4.9775
"2017-05-28",0,8.8144
"2017-05-29",0,10.6699
"2017-05-30",0,11.9719
"2017-05-31",0,13.9073
"2017-06-01",0,11.6013
"2017-06-02",0,9.353
"2017-06-03",0,12.6336
"2017-06-04",0,15.9374
"2017-06-05",0,13.1668
"2017-06-06",0,14.5492
"2017-06-07",0,15.8654
"2017-06-08",0,14.3078
"2017-06-09",0,10.3199
"2017-06-10",0,7.7612
"2017-06-11",0,10.3131
"2017-06-12",11.2048,6.7593
"2017-06-13",24.7452,2.4416
"2017-06-14",0,7.0141
"2017-06-15",0,10.4977
"2017-06-16",0.4208,12.6555
"2017-06-17",0,9.8915
"2017-06-18",0,10.6666
"2017-06-19",0,14.6531
"2017-06-20",0,16.9893
"2017-06-21",0,16.3554
"2017-06-22",0.8092,12.1047
"2017-06-23",0,11.391
"2017-06-24",0,12.4337
"2017-06-25",0,14.5814
"2017-06-26",0,16.6707
"2017-06-27",0,13.0267
"2017-06-28",0,12.1518
"2017-06-29",0,10.1985
"2017-06-30",0.9624,10.2973
"2017-07-01",0,13.2663
"2017-07-02",0,16.8391
"2017-07-03",0,16.7012
"2017-07-04",0,17.8329
"2017-07-05",0,19.7178
"2017-07-06",0,19.1503
"2017-07-07",0,18.9841
"2017-07-08",0,18.4144
"2017-07-09",0,18.482
"2017-07-10",0,16.881
"2017-07-11",0,16.6626
"2017-07-12",0,16.3952
"2017-07-13",0,17.8842
"2017-07-14",3.5582,18.0851
"2017-07-15",0,18.7257
"2017-07-16",0,18.0778
"2017-07-17",1.1125,16.5634
"2017-07-18",0,17.6934
"2017-07-19",0,18.4402
"2017-07-20",0.0619,18.1908
"2017-07-21",0,16.7925
"2017-07-22",0,17.4356
"2017-07-23",0,17.0468
"2017-07-24",0,18.3381
"2017-07-25",0.9613,13.7612
"2017-07-26",6.4505,14.4511
"2017-07-27",0.0686,14.4664
"2017-07-28",0,14.6513
"2017-07-29",0,15.868
"2017-07-30",0,16.6737
"2017-07-31",0,17.5709
"2017-08-01",0,18.3915
"2017-08-02",0,18.1381
"2017-08-03",0,17.0973
"2017-08-04",0,17.3635
"2017-08-05",0,15.5098
"2017-08-06",0,14.1582
"2017-08-07",0.6235,13.9304
"2017-08-08",2.2825,12.6746
"2017-08-09",1.0765,13.3768
"2017-08-10",0,12.5921
"2017-08-11",0.0775,14.7721
"2017-08-12",0.028,15.3523
"2017-08-13",1.1281,14.8864
"2017-08-14",2.1175,11.9939
"2017-08-15",0,11.0845
"2017-08-16",0,12.2846
"2017-08-17",0,13.9803
"2017-08-18",0,14.3576
"2017-08-19",0,15.6808
"2017-08-20",0,15.7446
"2017-08-21",0,15.6434
"2017-08-22",0,16.0318
"2017-08-23",2.7987,13.7376
"2017-08-24",0.0017,13.8571
"2017-08-25",0,15.7979
"2017-08-26",0,17.1809
"2017-08-27",0,17.1347
"2017-08-28",0,17.9361
"2017-08-29",0,18.8635
"2017-08-30",0,16.2687
"2017-08-31",0,14.6206
"2017-09-01",0,15.4923
"2017-09-02",0,17.74
"2017-09-03",0,19.0478
"2017-09-04",0,19.1808
"2017-09-05",0,16.6136
"2017-09-06",0,16.9488
"2017-09-07",0,16.7296
"2017-09-08",0.0178,17.0294
"2017-09-09",0,14.3764
"2017-09-10",0,13.9329
"2017-09-11",0,15.9648
"2017-09-12",0,16.6408
"2017-09-13",0.188,14.4078
"2017-09-14",3.5794,10.7089
"2017-09-15",3.6586,2.6754
"2017-09-16",2.1599,3.0571
"2017-09-17",0,6.282
"2017-09-18",11.1791,9.9281
"2017-09-19",20.7376,1.4641
"2017-09-20",0.766,3.1857
"2017-09-21",3.1801,1.8605
"2017-09-22",0.0814,0.0358
"2017-09-23",5.8195,0.2471
"2017-09-24",15.5308,0.8034
"2017-09-25",1.1643,1.7516
"2017-09-26",0,2.2721
"2017-09-27",0,4.8432
"2017-09-28",0,6.0111
"2017-09-29",0.6707,6.8497
"2017-09-30",11.2108,3.1783
"2017-10-01",2.7357,-0.5628
"2017-10-02",5.8925,-2.7162
"2017-10-03",0.771,-1.1632
"2017-10-04",4.48,0.6977
"2017-10-05",0,3.3197
"2017-10-06",0,2.0129
"2017-10-07",0,6.2715
"2017-10-08",1.8438,-1.1418
"2017-10-09",0,-1.115
"2017-10-10",0,3.2178
"2017-10-11",0,5.3537
"2017-10-12",0,-0.2728
"2017-10-13",0,0.2548
"2017-10-14",4.9561,-4.07
"2017-10-15",0,1.5105
"2017-10-16",0,6.2452
"2017-10-17",0,7.7761
"2017-10-18",0,6.735
"2017-10-19",0.8789,8.0789
"2017-10-20",3.3154,1.7787
"2017-10-21",0,-2.662
"2017-10-22",0,3.1894
"2017-10-23",0.7398,2.8655
"2017-10-24",0,4.8838
"2017-10-25",0,6.9048
"2017-10-26",0,2.6712
"2017-10-27",0,2.3223
"2017-10-28",0,5.2136
"2017-10-29",0,5.4378
"2017-10-30",0,-2.0388
"2017-10-31",0,-0.7844
"2017-11-01",0,3.6875
"2017-11-02",0,4.8378
"2017-11-03",21.9786,2.227
"2017-11-04",47.2435,-1.5512
"2017-11-05",14.702,-2.6273
"2017-11-06",1.1715,-3.9815
"2017-11-07",0,-5.5741
"2017-11-08",0,-4.4966
"2017-11-09",0.0214,0.9541
"2017-11-10",0,0.5876
"2017-11-11",0,-2.0456
"2017-11-12",0,0.9404
"2017-11-13",0,2.9598
"2017-11-14",0,-1.1946
"2017-11-15",0,1.3013
"2017-11-16",44.9818,2.8525
"2017-11-17",47.5719,-5.1079
"2017-11-18",0,-6.2481
"2017-11-19",0,-4.0571
"2017-11-20",0.0013,-0.4336
"2017-11-21",0,2.6822
"2017-11-22",0,5.9429
"2017-11-23",0,5.9184
"2017-11-24",0,2.9502
"2017-11-25",0,2.8044
"2017-11-26",0,8.4454
"2017-11-27",7.3993,1.8649
"2017-11-28",0,-2.0681
"2017-11-29",0,-3.5535
"2017-11-30",0,-2.6682
"2017-12-01",0,-2.1345
"2017-12-02",0,-0.056
"2017-12-03",43.0256,-2.3795
"2017-12-04",0,-9.3074
"2017-12-05",0,-9.982
"2017-12-06",0,-7.974
"2017-12-07",0,-7.4903
"2017-12-08",0,-2.8638
"2017-12-09",0,-0.3428
"2017-12-10",0,0.2755
"2017-12-11",0.7061,2.8734
"2017-12-12",0,4.2423
"2017-12-13",4.2163,-1.613
"2017-12-14",0,-4.4488
"2017-12-15",0,-2.1432
"2017-12-16",2.7566,-5.682
"2017-12-17",0,-10.07
"2017-12-18",0,-4.4057
"2017-12-19",0,-1.87
"2017-12-20",6.2944,-4.7799
"2017-12-21",0,-8.9483
"2017-12-22",1.6459,-9.7784
"2017-12-23",26.7457,-11.1308
"2017-12-24",7.7766,-11.218
"2017-12-25",21.9814,-5.2977
"2017-12-26",0,-6.3623
"2017-12-27",0,-3.1659
"2017-12-28",0,-2.0635
"2017-12-29",0,2.6344
"2017-12-30",0,-2.0967
"2017-12-31",0,-7.1832
"2018-01-01",0,-6.5185
"2018-01-02",0,-6.1696
"2018-01-03",0,-0.6369
"2018-01-04",0,0.2072
"2018-01-05",0,0.9403
"2018-01-06",8.7815,-2.4622
"2018-01-07",0,-3.3912
"2018-01-08",1.0351,-1.1724
"2018-01-09",9.3438,-0.3749
"2018-01-10",14.7931,-5.8912
"2018-01-11",17.5309,-6.604
"2018-01-12",0,-3.3946
"2018-01-13",0,-3.9845
"2018-01-14",0,-2.4079
"2018-01-15",0,-2.2549
"2018-01-16",0,-4.7992
"2018-01-17",0,-1.8821
"2018-01-18",0,0.6783
"2018-01-19",17.0717,-2.8477
"2018-01-20",1.2243,-8.5476
"2018-01-21",0,-9.7455
"2018-01-22",1.8864,-9.347
"2018-01-23",0,-6.7359
"2018-01-24",2.2447,-3.0662
"2018-01-25",8.0446,-6.7296
"2018-01-26",3.4545,-7.4436
"2018-01-27",5.3469,-6.6012
"2018-01-28",0.9223,-2.5713
"2018-01-29",0.9209,-0.2635
"2018-01-30",0,1.314
"2018-01-31",0,-2.4733
"2018-02-01",0,-2.923
"2018-02-02",6.7212,-0.2866
"2018-02-03",1.5524,0.1518
"2018-02-04",6.3384,0.1473
"2018-02-05",3.1618,-2.4903
"2018-02-06",1.8624,-4.6291
"2018-02-07",0,-2.5287
"2018-02-08",0,1.7342
"2018-02-09",0,-1.2715
"2018-02-10",0,-7.6667
"2018-02-11",0,-7.0457
"2018-02-12",2.663,-5.9817
"2018-02-13",0,-5.0601
"2018-02-14",4.3398,-4.7325
"2018-02-15",13.8243,-10.0528
"2018-02-16",1.2505,-8.8359
"2018-02-17",0,-1.9592
"2018-02-18",42.1655,-4.2239
"2018-02-19",0.2518,-12.9628
"2018-02-20",0,-15.6137
"2018-02-21",1.5667,-12.5513
"2018-02-22",4.2096,-12.3328
"2018-02-23",3.5887,-12.2797
"2018-02-24",4.9549,-12.2956
"2018-02-25",3.1518,-9.2603
"2018-02-26",9.9806,-6.2769
"2018-02-27",3.0258,-5.0592
"2018-02-28",0,-10.5436
"2018-03-01",2.5065,-5.721
"2018-03-02",8.7274,-4.4926
"2018-03-03",2.7128,-3.2604
"2018-03-04",10.5801,-7.3783
"2018-03-05",0,-8.7467
"2018-03-06",0,-7.2178
"2018-03-07",0,-3.2839
"2018-03-08",0,-1.1399
"2018-03-09",0,0.2387
"2018-03-10",0,-0.4528
"2018-03-11",0,0.5711
"2018-03-12",0,1.5809
"2018-03-13",0,3.0138
"2018-03-14",11.1058,2.6408
"2018-03-15",7.9763,-1.7348
"2018-03-16",4.3415,-2.1008
"2018-03-17",6.2385,-5.3785
"2018-03-18",2.4333,-7.4472
"2018-03-19",0,-4.927
"2018-03-20",0,-3.0668
"2018-03-21",4.7038,1.7823
"2018-03-22",19.5865,2.7975
"2018-03-23",14.4064,0.5431
"2018-03-24",10.2991,-0.8832
"2018-03-25",6.1227,-4.709
"2018-03-26",5.4422,-5.3227
"2018-03-27",0.8013,-4.4622
"2018-03-28",3.0221,-0.8084
"2018-03-29",0,-0.9233
"2018-03-30",0.9264,1.8291
"2018-03-31",0,3.6081
"2018-04-01",0,2.869
"2018-04-02",17.5317,-4.5091
"2018-04-03",0,-7.1619
"2018-04-04",3.5678,0.3621
"2018-04-05",1.3574,3.4298
"2018-04-06",18.4011,1.9842
"2018-04-07",18.3225,2.8511
"2018-04-08",11.7857,-0.9949
"2018-04-09",0.132,0.1081
"2018-04-10",0,4.5989
"2018-04-11",3.3405,5.0759
"2018-04-12",27.6328,-2.4918
"2018-04-13",1.7189,-3.7882
"2018-04-14",0,-1.6919
"2018-04-15",0,4.4069
"2018-04-16",3.6963,3.1795
"2018-04-17",4.6894,-5.0765
"2018-04-18",0,-1.9465
"2018-04-19",0,5.3535
"2018-04-20",0,5.4753
"2018-04-21",0,5.6531
"2018-04-22",0.2287,7.936
"2018-04-23",3.7493,2.4445
"2018-04-24",0,2.5669
"2018-04-25",0,5.0624
"2018-04-26",0,8.3018
"2018-04-27",0,11.1807
"2018-04-28",0,10.0685
"2018-04-29",0.0054,3.7655
"2018-04-30",18.039,-0.5468
"2018-05-01",0,1.6004
"2018-05-02",2.1646,3.3085
"2018-05-03",0,4.6054
"2018-05-04",0,6.7779
"2018-05-05",0,10.0709
"2018-05-06",0,12.7158
"2018-05-07",0,10.5408
"2018-05-08",0,9.243
"2018-05-09",0,11.9947
"2018-05-10",0,9.1754
"2018-05-11",12.3641,2.5072
"2018-05-12",13.7867,2.9281
"2018-05-13",8.7705,3.912
"2018-05-14",0,6.5925
"2018-05-15",4.5197,7.8057
"2018-05-16",0,8.9608
"2018-05-17",0,8.8866
"2018-05-18",4.9127,6.7544
"2018-05-19",0.9906,8.2366
"2018-05-20",0.4366,8.7526
"2018-05-21",0.7932,9.706
"2018-05-22",6.5359,7.7276
"2018-05-23",0,8.1487
"2018-05-24",0,10.6359
"2018-05-25",0,13.1744
"2018-05-26",0,11.4007
"2018-05-27",0,9.4195
"2018-05-28",2.3763,9.0032
"2018-05-29",0,9.8864
"2018-05-30",3.416,14.1349
"2018-05-31",4.0322,13.0757
"2018-06-01",6.5329,4.7427
"2018-06-02",0,7.7531
"2018-06-03",0,12.6396
"2018-06-04",0,14.6092
"2018-06-05",0,15.139
"2018-06-06",0,15.2169
"2018-06-07",0,14.9293
"2018-06-08",0,14.0776
"2018-06-09",0,15.5687
"2018-06-10",0,5.4276
"2018-06-11",0,7.1226
"2018-06-12",0,9.3384
"2018-06-13",0,15.5096
"2018-06-14",0,14.8879
"2018-06-15",0,13.1044
"2018-06-16",0,11.6538
"2018-06-17",19.9718,12.0132
"2018-06-18",0,8.4445
"2018-06-19",0.5662,9.0724
"2018-06-20",0,10.6303
"2018-06-21",0,13.773
"2018-06-22",0,11.4629
"2018-06-23",0,10.7083
"2018-06-24",0,9.9057
"2018-06-25",0,13.3532
"2018-06-26",0,16.0547
"2018-06-27",0,16.4274
"2018-06-28",0,15.8845
"2018-06-29",0,9.7317
"2018-06-30",0,9.47
"2018-07-01",0,11.9131
"2018-07-02",0,13.8605
"2018-07-03",0,11.6407
"2018-07-04",0,14.3296
"2018-07-05",0,17.4974
"2018-07-06",0,19.6467
"2018-07-07",0,19.3684
"2018-07-08",0,19.6388
"2018-07-09",0,19.801
"2018-07-10",0,19.328
"2018-07-11",0,18.0944
"2018-07-12",0,17.0515
"2018-07-13",0,17.9292
"2018-07-14",0,16.8092
"2018-07-15",0,18.075
"2018-07-16",2.1138,17.2383
"2018-07-17",0,16.1043
"2018-07-18",0,17.3331
"2018-07-19",0,18.4627
"2018-07-20",0,19.5913
"2018-07-21",0,19.7086
"2018-07-22",0,15.2493
"2018-07-23",0,16.3364
"2018-07-24",0,18.7366
"2018-07-25",0,18.5555
"2018-07-26",0,17.6552
"2018-07-27",0,18.115
"2018-07-28",0.0214,18.2949
"2018-07-29",0,17.1089
"2018-07-30",0,16.1073
"2018-07-31",0,18.672
"2018-08-01",0,19.34
"2018-08-02",2.1698,17.349
"2018-08-03",0,15.6576
"2018-08-04",0,14.6011
"2018-08-05",0,14.295
"2018-08-06",0,14.1569
"2018-08-07",0,15.1283
"2018-08-08",0,17.2917
"2018-08-09",0,18.8656
"2018-08-10",0,20.3024
"2018-08-11",0,20.633
"2018-08-12",0,19.8928
"2018-08-13",0,18.8704
"2018-08-14",0,17.1071
"2018-08-15",0,16.7308
"2018-08-16",0,17.4878
"2018-08-17",0,17.0418
"2018-08-18",0,13.1802
"2018-08-19",0,13.8661
"2018-08-20",0,15.859
"2018-08-21",0,13.9788
"2018-08-22",9.7171,11.2104
"2018-08-23",0,11.9033
"2018-08-24",0,14.3401
"2018-08-25",0,14.1288
"2018-08-26",0,12.7706
"2018-08-27",0,7.0358
"2018-08-28",0,7.4327
"2018-08-29",0,11.238
"2018-08-30",0,14.9864
"2018-08-31",0,13.4472
"2018-09-01",0,12.3288
"2018-09-02",0,13.131
"2018-09-03",0,14.3248
"2018-09-04",0,14.6961
"2018-09-05",0,15.6955
"2018-09-06",0,15.7415
"2018-09-07",0,16.0592
"2018-09-08",0,15.6929
"2018-09-09",0,13.9044
"2018-09-10",0,15.3689
"2018-09-11",0,13.8906
"2018-09-12",0,12.3235
"2018-09-13",0,9.8661
"2018-09-14",0,12.5863
"2018-09-15",0,15.1891
"2018-09-16",0,13.4731
"2018-09-17",0,13.3968
"2018-09-18",0.6405,13.6732
"2018-09-19",0,12.2066
"2018-09-20",0,7.5516
"2018-09-21",0,9.7873
"2018-09-22",0,14.0026
"2018-09-23",0,10.4586
"2018-09-24",0,5.0706
"2018-09-25",0,5.2528
"2018-09-26",0.9257,6.1981
"2018-09-27",0,10.0428
"2018-09-28",0,12.447
"2018-09-29",0,14.2345
"2018-09-30",0,9.3989
"2018-10-01",0,9.4224
"2018-10-02",12.7986,11.3891
"2018-10-03",10.0543,9.4743
"2018-10-04",35.0534,4.0151
"2018-10-05",5.1965,1.3742
"2018-10-06",2.2015,1.2387
"2018-10-07",0.0157,2.7217
"2018-10-08",0,2.3406
"2018-10-09",10.9157,-1.5866
"2018-10-10",24.5351,-1.4778
"2018-10-11",0,-0.128
"2018-10-12",0,0.5884
"2018-10-13",0,-1.5423
"2018-10-14",0,-6.0715
"2018-10-15",0,-3.474
"2018-10-16",0,2.0729
"2018-10-17",0,3.5779
"2018-10-18",0,3.4652
"2018-10-19",0,4.8051
"2018-10-20",0,7.3153
"2018-10-21",1.054,7.3289
"2018-10-22",2.2357,6.958
"2018-10-23",8.5156,2.3693
"2018-10-24",1.1773,4.7089
"2018-10-25",0,1.372
"2018-10-26",1.054,3.8112
"2018-10-27",0,6.4629
"2018-10-28",0,8.4831
"2018-10-29",0,1.7747
"2018-10-30",0.0214,-3.2406
"2018-10-31",2.4731,-3.9346
"2018-11-01",3.8892,-0.0411
"2018-11-02",2.7713,2.18
"2018-11-03",0,-0.6834
"2018-11-04",19.066,-2.1654
"2018-11-05",0,-3.1443
"2018-11-06",2.2648,-5.1617
"2018-11-07",0,-5.7228
"2018-11-08",0,-6.9227
"2018-11-09",0,-5.2961
"2018-11-10",0,-5.5074
"2018-11-11",0,-7.773
"2018-11-12",0,-8.3769
"2018-11-13",2.6857,-3.6875
"2018-11-14",0.7451,1.6654
"2018-11-15",0,1.3216
"2018-11-16",1.2431,1.0196
"2018-11-17",5.2848,-5.7464
"2018-11-18",0,-6.568
"2018-11-19",0,-3.0406
"2018-11-20",0,0.9747
"2018-11-21",3.1304,2.3316
"2018-11-22",11.733,-0.1141
"2018-11-23",23.9247,-2.8002
"2018-11-24",20.1269,-4.8481
"2018-11-25",0,-7.1899
"2018-11-26",0,-5.635
"2018-11-27",1.2807,-1.6615
"2018-11-28",13.7999,-2.1237
"2018-11-29",12.3009,-2.4398
"2018-11-30",20.1513,-4.3595
"2018-12-01",1.8812,-7.2306
"2018-12-02",7.1299,-7.3985
"2018-12-03",5.4274,-10.3784
"2018-12-04",0,-10.4951
"2018-12-05",0.0028,-8.6057
"2018-12-06",0,-5.5345
"2018-12-07",0,-3.5492
"2018-12-08",0,-4.7569
"2018-12-09",0,-4.7721
"2018-12-10",0,-2.4465
"2018-12-11",0,-6.5886
"2018-12-12",19.6383,-7.2227
"2018-12-13",0,-9.2678
"2018-12-14",0,-4.2167
"2018-12-15",0,-1.8928
"2018-12-16",0,0.3589
"2018-12-17",0,0.2365
"2018-12-18",0,-1.6962
"2018-12-19",1.6867,-5.0494
"2018-12-20",0,-2.6311
"2018-12-21",7.3464,-3.5517
"2018-12-22",0,-10.9617
"2018-12-23",1.3582,-7.7306
"2018-12-24",3.5159,-4.4213
"2018-12-25",6.1431,-4.3638
"2018-12-26",0,-11.1992
"2018-12-27",2.849,-12.0517
"2018-12-28",0,-13.3687
"2018-12-29",3.3382,-12.3691
"2018-12-30",12.2679,-8.7552
"2018-12-31",0.1043,-7.1832
"2019-01-01",0,-16.6798
"2019-01-02",0,-12.3105
"2019-01-03",2.2466,-7.7976
"2019-01-04",2.2849,-3.1413
"2019-01-05",2.0173,-3.4304
"2019-01-06",16.7587,-7.2852
"2019-01-07",14.6584,-7.8712
"2019-01-08",0.997,-3.9963
"2019-01-09",0,-0.6124
"2019-01-10",1.0767,-2.9847
"2019-01-11",0,-4.9081
"2019-01-12",0,-5.4117
"2019-01-13",0,-4.6905
"2019-01-14",0,-5.4882
"2019-01-15",2.4949,-6.6156
"2019-01-16",12.1436,-3.6241
"2019-01-17",22.45,-2.6836
"2019-01-18",15.8189,-7.6373
"2019-01-19",3.9237,-4.8032
"2019-01-20",0.2746,-0.5081
"2019-01-21",7.4591,-7.593
"2019-01-22",0,-11.0714
"2019-01-23",8.4705,-10.1652
"2019-01-24",0,-5.6315
"2019-01-25",0,-5.3711
"2019-01-26",0,-5.272
"2019-01-27",0,-3.8702
"2019-01-28",0,-7.842
"2019-01-29",0,-6.5941
"2019-01-30",0,-7.1827
"2019-01-31",0,-3.1705
"2019-02-01",1.5312,-0.643
"2019-02-02",6.3464,-0.4281
"2019-02-03",23.8295,-2.1175
"2019-02-04",18.7407,-2.4354
"2019-02-05",5.8401,-7.9066
"2019-02-06",2.7335,-11.6826
"2019-02-07",2.4321,-15.2039
"2019-02-08",0,-12.0533
"2019-02-09",3.8126,-9.4878
"2019-02-10",11.035,-7.5661
"2019-02-11",0,-12.3801
"2019-02-12",0,-6.2585
"2019-02-13",26.2039,-4.5142
"2019-02-14",29.6261,0.0034
"2019-02-15",13.1693,-4.3261
"2019-02-16",6.6985,-7.67
"2019-02-17",0,-8.2672
"2019-02-18",0.0356,-11.1428
"2019-02-19",3.3595,-13.7616
"2019-02-20",3.7972,-10.9011
"2019-02-21",2.9163,-12.2808
"2019-02-22",0,-10.8006
"2019-02-23",2.3415,-11.2306
"2019-02-24",3.8362,-5.0267
"2019-02-25",8.1031,-2.0231
"2019-02-26",5.9216,-0.384
"2019-02-27",5.6214,-0.7022
"2019-02-28",5.246,-1.5815
"2019-03-01",5.2144,-6.8553
"2019-03-02",0,-7.3373
"2019-03-03",0.6462,-9.1205
"2019-03-04",0,-10.3461
"2019-03-05",2.7779,-5.1964
"2019-03-06",14.1287,0.5486
"2019-03-07",20.9832,-1.6709
"2019-03-08",9.8238,-4.862
"2019-03-09",0.828,-7.3533
"2019-03-10",0.0751,-5.2181
"2019-03-11",0,-2.6674
"2019-03-12",1.8061,-2.0636
"2019-03-13",5.6593,-6.3075
"2019-03-14",0,-7.1366
"2019-03-15",0,-5.1937
"2019-03-16",0,-0.7372
"2019-03-17",0,0.6024
"2019-03-18",0,0.0599
"2019-03-19",0,-0.7182
"2019-03-20",0,0.166
"2019-03-21",3.3736,0.2957
"2019-03-22",7.4676,0.452
"2019-03-23",2.4417,1.1559
"2019-03-24",12.5581,-0.57
"2019-03-25",0,0.2815
"2019-03-26",0,3.4265
"2019-03-27",0,5.3081
"2019-03-28",8.326,1.4743
"2019-03-29",16.9119,-2.5783
"2019-03-30",0,-1.9282
"2019-03-31",0,-1.2939
"2019-04-01",0.8866,0.463
"2019-04-02",4.4264,1.1568
"2019-04-03",7.7242,2.1459
"2019-04-04",0.0214,4.6451
"2019-04-05",3.9801,4.7846
"2019-04-06",6.5802,1.4946
"2019-04-07",0,2.4269
"2019-04-08",0,6.236
"2019-04-09",12.695,1.747
"2019-04-10",14.4171,-2.4529
"2019-04-11",5.7328,-1.5774
"2019-04-12",4.8159,-1.176
"2019-04-13",3.4206,-0.3205
"2019-04-14",24.8311,1.264
"2019-04-15",10.1875,2.6867
"2019-04-16",14.9283,-0.4534
"2019-04-17",0,0.1611
"2019-04-18",0,5.0715
"2019-04-19",0,8.4194
"2019-04-20",6.8085,9.4712
"2019-04-21",6.2312,5.3081
"2019-04-22",0,4.6358
"2019-04-23",0,5.9867
"2019-04-24",2.3657,7.477
"2019-04-25",0,6.501
"2019-04-26",11.5098,5.9566
"2019-04-27",0,3.6053
"2019-04-28",0,0.1635
"2019-04-29",0.8429,-0.4308
"2019-04-30",9.7186,-1.9146
"2019-05-01",0.0222,-2.4517
"2019-05-02",0,-0.0592
"2019-05-03",0,3.9496
"2019-05-04",0,5.7939
"2019-05-05",0.9913,8.4691
"2019-05-06",0,8.8942
"2019-05-07",2.9155,4.9703
"2019-05-08",4.7772,3.3921
"2019-05-09",3.4805,0.4322
"2019-05-10",0,3.0189
"2019-05-11",0,6.4117
"2019-05-12",0,8.967
"2019-05-13",0,11.3031
"2019-05-14",0,11.5056
"2019-05-15",0,11.1869
"2019-05-16",6.5522,7.9117
"2019-05-17",13.9805,1.5273
"2019-05-18",0.6942,3.1693
"2019-05-19",8.0643,2.9424
"2019-05-20",1.7036,3.0468
"2019-05-21",13.9079,1.8291
"2019-05-22",8.8648,1.0353
"2019-05-23",29.9945,1.8381
"2019-05-24",9.8851,4.3051
"2019-05-25",1.5582,6.719
"2019-05-26",0,7.8508
"2019-05-27",6.3903,4.2693
"2019-05-28",3.5755,6.0771
"2019-05-29",0.0409,7.1683
"2019-05-30",0,9.1009
"2019-05-31",0.0142,9.1286
"2019-06-01",0.6681,9.5894
"2019-06-02",5.0918,9.8505
"2019-06-03",0,10.253
"2019-06-04",0,11.3222
"2019-06-05",0,11.2357
"2019-06-06",3.9016,12.5929
"2019-06-07",9.4251,5.9488
"2019-06-08",2.6918,0.681
"2019-06-09",0,3.542
"2019-06-10",0,7.7026
"2019-06-11",0,10.3665
"2019-06-12",0,12.2525
"2019-06-13",4.1013,12.7597
"2019-06-14",1.3679,11.6187
"2019-06-15",0,12.3992
"2019-06-16",0,12.1575
"2019-06-17",0.6779,12.1723
"2019-06-18",1.0931,10.9005
"2019-06-19",0,11.5734
"2019-06-20",0.055,5.9356
"2019-06-21",2.196,2.5137
"2019-06-22",0,4.0328
"2019-06-23",0,7.5857
"2019-06-24",0,9.8159
"2019-06-25",0,12.5863
"2019-06-26",0,13.6927
"2019-06-27",0,14.5607
"2019-06-28",0,15.2284
"2019-06-29",0,13.1547
"2019-06-30",0,13.488
"2019-07-01",0,14.1588
"2019-07-02",0,15.9433
"2019-07-03",0,12.9106
"2019-07-04",0.0226,9.8033
"2019-07-05",0,10.3779
"2019-07-06",0,14.2362
"2019-07-07",0,15.2742
"2019-07-08",1.8755,11.4531
"2019-07-09",0,11.1474
"2019-07-10",0,15.7396
"2019-07-11",0,18.0773
"2019-07-12",0,18.117
"2019-07-13",0,16.0984
"2019-07-14",0,17.2024
"2019-07-15",0,17.2296
"2019-07-16",0,16.2152
"2019-07-17",0,14.4502
"2019-07-18",0,16.8717
"2019-07-19",0,16.5524
"2019-07-20",0,16.0798
"2019-07-21",0,17.886
"2019-07-22",0,19.3419
"2019-07-23",0,19.0677
"2019-07-24",0,16.2932
"2019-07-25",0,16.3363
"2019-07-26",0.004,16.0498
"2019-07-27",2.2692,14.722
"2019-07-28",0,15.7385
"2019-07-29",0,17.9797
"2019-07-30",0,17.8735
"2019-07-31",0,16.637
"2019-08-01",0,15.1421
"2019-08-02",0,17.0859
"2019-08-03",0,18.8238
"2019-08-04",0,18.1323
"2019-08-05",0,17.8062
"2019-08-06",0,19.4494
"2019-08-07",0.0655,15.2238
"2019-08-08",4.3844,12.4931
"2019-08-09",0,12.8928
"2019-08-10",0,15.7463
"2019-08-11",0,12.6357
"2019-08-12",0,10.9358
"2019-08-13",0,14.0663
"2019-08-14",0,16.0828
"2019-08-15",0,16.2872
"2019-08-16",0,13.9136
"2019-08-17",0,13.5017
"2019-08-18",0,15.2625
"2019-08-19",0,17.3624
"2019-08-20",0,17.8211
"2019-08-21",0,17.7583
"2019-08-22",0.9289,14.8994
"2019-08-23",0,11.7353
"2019-08-24",0,14.6282
"2019-08-25",0,15.893
"2019-08-26",0,10.9789
"2019-08-27",0,12.5467
"2019-08-28",0,16.1213
"2019-08-29",0,17.0195
"2019-08-30",0,16.7166
"2019-08-31",0,17.3792
"2019-09-01",0,18.9556
"2019-09-02",0,19.0267
"2019-09-03",0,17.9509
"2019-09-04",0,18.3434
"2019-09-05",0.0149,18.6708
"2019-09-06",2.3047,13.3156
"2019-09-07",0,13.5836
"2019-09-08",22.9233,8.922
"2019-09-09",2.005,8.2965
"2019-09-10",8.4691,9.0442
"2019-09-11",20.1032,4.6078
"2019-09-12",0,6.5946
"2019-09-13",0.88,8.8377
"2019-09-14",0,12.4447
"2019-09-15",0,15.4252
"2019-09-16",0.1027,14.9938
"2019-09-17",3.5703,5.5768
"2019-09-18",0,8.176
"2019-09-19",0,9.4875
"2019-09-20",5.2713,2.1594
"2019-09-21",0,2.8475
"2019-09-22",0.88,5.6883
"2019-09-23",0,9.7296
"2019-09-24",0,8.6811
"2019-09-25",0,8.9923
"2019-09-26",0,9.0769
"2019-09-27",6.7195,7.4131
"2019-09-28",43.6419,3.1586
"2019-09-29",9.2058,-1.1135
"2019-09-30",0,-1.1933
"2019-10-01",0,0.234
"2019-10-02",0,-0.2813
"2019-10-03",0,4.6643
"2019-10-04",9.8821,2.4436
"2019-10-05",0,-0.991
"2019-10-06",0,1.3409
"2019-10-07",0,5.0183
"2019-10-08",0,7.1935
"2019-10-09",4.6006,-1.1833
"2019-10-10",1.0268,-9.2775
"2019-10-11",0,-4.6659
"2019-10-12",0,1.1156
"2019-10-13",0,4.4019
"2019-10-14",0,4.4619
"2019-10-15",0,5.3899
"2019-10-16",0,8.2355
"2019-10-17",8.146,4.4355
"2019-10-18",4.987,-1.7571
"2019-10-19",27.954,-2.1257
"2019-10-20",17.2505,-4.6381
"2019-10-21",13.5643,-2.908
"2019-10-22",0,0.9048
"2019-10-23",0,-3.5061
"2019-10-24",0,-4.331
"2019-10-25",0,2.0045
"2019-10-26",0,-1.8493
"2019-10-27",4.4261,-10.7861
"2019-10-28",4.5901,-13.0799
"2019-10-29",11.0427,-15.9313
"2019-10-30",0,-13.1297
"2019-10-31",0,-7.1708
"2019-11-01",0,-3.7749
"2019-11-02",0,-1.6549
"2019-11-03",0,0.6549
"2019-11-04",0,0.9676
"2019-11-05",0,1.9567
"2019-11-06",0,3.2302
"2019-11-07",0,2.2311
"2019-11-08",0,5.0483
"2019-11-09",0,6.3316
"2019-11-10",0,3.2622
"2019-11-11",0,-0.2317
"2019-11-12",0,0.4468
"2019-11-13",0,0.6076
"2019-11-14",0,3.0487
"2019-11-15",0,5.1421
"2019-11-16",0,-0.956
"2019-11-17",0,0.6982
"2019-11-18",0,3.7737
"2019-11-19",0,4.098
"2019-11-20",7.4338,-2.2533
"2019-11-21",5.1237,-5.3575
"2019-11-22",0,-4.7202
"2019-11-23",0,-3.7249
"2019-11-24",0,-3.2408
"2019-11-25",7.2203,-8.9396
"2019-11-26",0,-10.8335
"2019-11-27",23.0611,-9.6748
"2019-11-28",16.4454,-5.5417
"2019-11-29",17.9684,-5.451
"2019-11-30",2.2347,-10.8462
"2019-12-01",0,-8.3353
"2019-12-02",0.0646,-2.5286
"2019-12-03",0,-2.8267
"2019-12-04",3.5841,-0.976
"2019-12-05",6.8925,-1.0441
"2019-12-06",0,-2.4406
"2019-12-07",1.3894,-1.6085
"2019-12-08",17.222,-1.8606
"2019-12-09",0,-5.3729
"2019-12-10",0,-6.0002
"2019-12-11",5.714,-5.8686
"2019-12-12",32.1419,-2.5719
"2019-12-13",11.5499,-4.6617
"2019-12-14",22.9066,-9.278
"2019-12-15",0,-11.6641
"2019-12-16",0,-14.0963
"2019-12-17",0,-10.706
"2019-12-18",0,-6.0254
"2019-12-19",0,-6.6635
"2019-12-20",0,-3.6836
"2019-12-21",0,-1.9084
"2019-12-22",0,0.8202
"2019-12-23",2.1147,-0.6943
"2019-12-24",4.4354,-2.6733
"2019-12-25",1.0195,-7.0291
"2019-12-26",0.2268,-9.1227
"2019-12-27",0,-10.208
"2019-12-28",0,-14.35
"2019-12-29",2.1,-13.3285
"2019-12-30",0,-10.2763
"2019-12-31",0,-7.1832
"2020-01-01",27.2891,-7.1001
"2020-01-02",4.3426,-8.0109
"2020-01-03",0,-5.4458
"2020-01-04",0,-6.1873
"2020-01-05",12.4182,-9.1638
"2020-01-06",0,-7.9297
"2020-01-07",0,-2.2718
"2020-01-08",7.6152,-5.6514
"2020-01-09",13.7809,-9.5992
"2020-01-10",1.2274,-12.482
"2020-01-11",12.0588,-9.39
"2020-01-12",8.6193,-9.9663
"2020-01-13",20.5531,-8.865
"2020-01-14",21.5956,-8.757
"2020-01-15",3.2381,-8.5884
"2020-01-16",3.731,-6.4156
"2020-01-17",16.8995,-9.1742
"2020-01-18",0,-8.0901
"2020-01-19",0,-4.4349
"2020-01-20",0,-3.3428
"2020-01-21",3.5783,-2.8327
"2020-01-22",6.3987,-5.36
"2020-01-23",2.6064,-3.6076
"2020-01-24",3.2901,-3.19
"2020-01-25",0,-2.4968
"2020-01-26",7.6257,-0.6353
"2020-01-27",4.7982,-5.2562
"2020-01-28",8.2861,-4.4853
"2020-01-29",0,-5.0594
"2020-01-30",4.8156,-7.9438
"2020-01-31",0.0628,-7.8742
"2020-02-01",0,-0.3463
"2020-02-02",1.7868,-1.9751
"2020-02-03",8.2894,-13.4899
"2020-02-04",0,-14.7482
"2020-02-05",4.48,-11.5759
"2020-02-06",27.7316,-5.5855
"2020-02-07",38.1051,-1.975
"2020-02-08",0.2383,-7.0343
"2020-02-09",0,-8.2625
"2020-02-10",0,-10.5217
"2020-02-11",2.7943,-10.6593
"2020-02-12",0.381,-5.2246
"2020-02-13",0,-5.76
"2020-02-14",0,-5.1802
"2020-02-15",2.2964,-8.0272
"2020-02-16",23.8168,-5.0717
"2020-02-17",0,-9.7493
"2020-02-18",0,-11.0404
"2020-02-19",0,-12.1367
"2020-02-20",1.6679,-8.0226
"2020-02-21",0.0375,-2.817
"2020-02-22",0,0.2017
"2020-02-23",0.0226,-1.1894
"2020-02-24",1.0617,-8.8209
"2020-02-25",1.4123,-8.1803
"2020-02-26",1.5581,-6.9741
"2020-02-27",0,-3.1763
"2020-02-28",1.27,-0.483
"2020-02-29",0.0814,-0.4377
"2020-03-01",4.3912,-7.3964
"2020-03-02",0,-9.2215
"2020-03-03",0,-3.6611
"2020-03-04",1.0112,-1.6947
"2020-03-05",0,1.9131
"2020-03-06",1.1309,4.1511
"2020-03-07",9.6235,2.7541
"2020-03-08",3.2357,-0.5192
"2020-03-09",4.7152,-1.5119
"2020-03-10",1.4895,-1.5884
"2020-03-11",0,0.2885
"2020-03-12",0,-2.473
"2020-03-13",0.4549,-2.4668
"2020-03-14",6.8416,0.3189
"2020-03-15",4.3953,1.5014
"2020-03-16",2.121,2.3403
"2020-03-17",0.004,2.5584
"2020-03-18",5.4597,-0.3043
"2020-03-19",4.0077,-1.1995
"2020-03-20",0.9304,-1.0317
"2020-03-21",1.6799,-0.828
"2020-03-22",1.2166,-1.2247
"2020-03-23",0.2445,-0.1225
"2020-03-24",31.6237,0.6721
"2020-03-25",13.5214,-2.4267
"2020-03-26",0.0608,-5.4204
"2020-03-27",2.1918,-7.236
"2020-03-28",2.8808,-3.3065
"2020-03-29",0,-2.8615
"2020-03-30",4.8187,-1.3751
"2020-03-31",23.6882,1.6083
"2020-04-01",8.0144,-2.3113
"2020-04-02",0.2591,-7.6468
"2020-04-03",2.2352,-6.5979
"2020-04-04",0,-1.6691
"2020-04-05",4.3567,2.6794
"2020-04-06",2.4627,2.5262
"2020-04-07",0.4316,3.4488
"2020-04-08",0,5.8317
"2020-04-09",0,6.8875
"2020-04-10",0,4.0594
"2020-04-11",5.7397,0.707
"2020-04-12",0,-5.921
"2020-04-13",0,-6.9562
"2020-04-14",3.0786,-5.7665
"2020-04-15",16.7243,-1.421
"2020-04-16",5.4684,-6.114
"2020-04-17",0.1139,-2.8758
"2020-04-18",0.0226,1.1196
"2020-04-19",0.1043,2.3393
"2020-04-20",0,3.9588
"2020-04-21",0,5.0068
"2020-04-22",3.8724,4.1955
"2020-04-23",15.9031,2.8138
"2020-04-24",0,3.2559
"2020-04-25",0,4.4822
"2020-04-26",0,7.3782
"2020-04-27",0,8.0774
"2020-04-28",0,7.8616
"2020-04-29",0,10.5743
"2020-04-30",2.844,8.8107
"2020-05-01",0,5.9634
"2020-05-02",0.1803,7.5151
"2020-05-03",0,4.8833
"2020-05-04",0,2.777
"2020-05-05",0,5.8478
"2020-05-06",0,6.0537
"2020-05-07",0,1.4892
"2020-05-08",0,3.969
"2020-05-09",0,6.3056
"2020-05-10",0,8.9305
"2020-05-11",0,10.7034
"2020-05-12",0.1447,7.2217
"2020-05-13",5.9232,3.2989
"2020-05-14",2.944,4.706
"2020-05-15",1.0148,3.2771
"2020-05-16",0,4.969
"2020-05-17",0,11.4255
"2020-05-18",0,12.5756
"2020-05-19",0,9.2527
"2020-05-20",13.0488,2.8483
"2020-05-21",8.032,4.3817
"2020-05-22",4.9099,4.8325
"2020-05-23",3.5796,-0.1679
"2020-05-24",0.9841,3.0778
"2020-05-25",0,5.6177
"2020-05-26",0,9.0662
"2020-05-27",0,10.5695
"2020-05-28",0,12.5606
"2020-05-29",0,15.4987
"2020-05-30",0.6643,16.1999
"2020-05-31",0,14.2903
"2020-06-01",0,13.6246
"2020-06-02",0,12.4308
"2020-06-03",0,13.3582
"2020-06-04",0,13.4376
"2020-06-05",0,16.5492
"2020-06-06",16.6792,8.1891
"2020-06-07",18.3305,1.5008
"2020-06-08",5.6983,0.4746
"2020-06-09",0.8907,3.1076
"2020-06-10",0,8.6679
"2020-06-11",0,12.7089
"2020-06-12",0,16.542
"2020-06-13",0,10.8419
"2020-06-14",0,6.8504
"2020-06-15",0,9.8356
"2020-06-16",24.8944,4.7301
"2020-06-17",9.8073,2.0469
"2020-06-18",0,5.6826
"2020-06-19",0,8.1763
"2020-06-20",0,10.4161
"2020-06-21",0,12.9848
"2020-06-22",0,12.2686
"2020-06-23",0,14.5654
"2020-06-24",0,15.6589
"2020-06-25",0,12.8958
"2020-06-26",0,13.6492
"2020-06-27",0,15.5391
"2020-06-28",8.0941,9.2149
"2020-06-29",7.466,3.2685
"2020-06-30",9.9436,3.7155
"2020-07-01",0,8.8335
"2020-07-02",0,12.1597
"2020-07-03",0,15.0031
"2020-07-04",0,15.6803
"2020-07-05",0,14.8889
"2020-07-06",0,16.0971
"2020-07-07",0,13.1761
"2020-07-08",0,11.5084
"2020-07-09",0,14.1635
"2020-07-10",0,15.3557
"2020-07-11",0,16.7584
"2020-07-12",0,17.1124
"2020-07-13",0,14.147
"2020-07-14",0,12.2483
"2020-07-15",0,12.9757
"2020-07-16",0,15.5616
"2020-07-17",0,18.4775
"2020-07-18",0,16.3942
"2020-07-19",0,15.9054
"2020-07-20",0,15.0517
"2020-07-21",0,16.0204
"2020-07-22",3.4904,13.6126
"2020-07-23",0,14.1901
"2020-07-24",0,14.9483
"2020-07-25",0,15.988
"2020-07-26",0,16.7648
"2020-07-27",0.0247,17.956
"2020-07-28",7.4418,12.9844
"2020-07-29",0,13.824
"2020-07-30",0,17.3817
"2020-07-31",0,19.6444
"2020-08-01",0,19.5896
"2020-08-02",0,19.8778
"2020-08-03",0.9028,18.8194
"2020-08-04",0,16.5898
"2020-08-05",0,17.8961
"2020-08-06",0,16.8237
"2020-08-07",0,15.5464
"2020-08-08",0,15.7253
"2020-08-09",0,15.6241
"2020-08-10",0,15.9927
"2020-08-11",0,15.9333
"2020-08-12",0,15.3644
"2020-08-13",0,15.4726
"2020-08-14",0,14.8075
"2020-08-15",0,15.764
"2020-08-16",0,17.8217
"2020-08-17",0,20.0772
"2020-08-18",0,20.4263
"2020-08-19",0,19.1946
"2020-08-20",0,17.7857
"2020-08-21",0,17.3611
"2020-08-22",0,19.5644
"2020-08-23",0,18.4652
"2020-08-24",0,18.9856
"2020-08-25",0.4192,18.0438
"2020-08-26",0,16.7063
"2020-08-27",3.7857,16.3106
"2020-08-28",0,15.6708
"2020-08-29",0.082,15.7914
"2020-08-30",0,10.5996
"2020-08-31",0,5.942
"2020-09-01",0,7.1235
"2020-09-02",0,12.9833
"2020-09-03",0,16.3735
"2020-09-04",0,17.8835
"2020-09-05",0,18.8055
"2020-09-06",0,17.5264
"2020-09-07",3.0776,9.7054
"2020-09-08",11.2681,-0.9946
"2020-09-09",3.584,1.3886
"2020-09-10",0.9804,5.7885
"2020-09-11",0,8.6163
"2020-09-12",0,12.703
"2020-09-13",0,14.2812
"2020-09-14",0,15.0719
"2020-09-15",0,15.4951
"2020-09-16",0,15.3847
"2020-09-17",0,15.165
"2020-09-18",0,14.6146
"2020-09-19",16.2908,7.2064
"2020-09-20",2.1489,7.3118
"2020-09-21",0,11.1569
"2020-09-22",0,13.2864
"2020-09-23",0,12.2442
"2020-09-24",0,12.9117
"2020-09-25",0,10.6357
"2020-09-26",0,6.8745
"2020-09-27",0,3.7921
"2020-09-28",0,5.4705
"2020-09-29",0.6611,10.0018
"2020-09-30",0,11.0348
"2020-10-01",0,11.8005
"2020-10-02",0,10.9568
"2020-10-03",0,11.1779
"2020-10-04",0,10.733
"2020-10-05",0,10.5285
"2020-10-06",0,10.6129
"2020-10-07",0,11.9468
"2020-10-08",0,12.7662
"2020-10-09",0,11.5801
"2020-10-10",11.7464,9.1447
"2020-10-11",25.8736,0.0141
"2020-10-12",1.0631,3.7874
"2020-10-13",0,6.7932
"2020-10-14",19.5182,2.8549
"2020-10-15",0,-0.5124
"2020-10-16",2.2637,1.7558
"2020-10-17",0,7.3372
"2020-10-18",0,6.7687
"2020-10-19",0,5.9723
"2020-10-20",0,5.4595
"2020-10-21",0,4.6408
"2020-10-22",0,-4.8902
"2020-10-23",0,-3.1283
"2020-10-24",6.7672,-1.5713
"2020-10-25",1.3069,-12.0963
"2020-10-26",0,-11.368
"2020-10-27",0,-3.9193
"2020-10-28",0.6844,1.3927
"2020-10-29",0,3.5421
"2020-10-30",0,4.2377
"2020-10-31",0,3.9481
"2020-11-01",0,5.5884
"2020-11-02",0,8.4278
"2020-11-03",0,8.7679
"2020-11-04",0,7.8958
"2020-11-05",0,7.9784
"2020-11-06",0,9.1402
"2020-11-07",12.6567,2.5132
"2020-11-08",9.5076,-5.5325
"2020-11-09",1.6968,-7.0992
"2020-11-10",7.0297,-9.1855
"2020-11-11",13.6283,-8.6794
"2020-11-12",0,-8.295
"2020-11-13",32.3743,-4.4237
"2020-11-14",3.1699,-7.4933
"2020-11-15",30.7385,-3.4976
"2020-11-16",1.1787,2.3507
"2020-11-17",0,5.0478
"2020-11-18",8.8364,3.0152
"2020-11-19",1.7573,-4.3779
"2020-11-20",0,-4.5998
"2020-11-21",0,-4.4012
"2020-11-22",0,-3.7381
"2020-11-23",0,-4.2197
"2020-11-24",0,-7.8554
"2020-11-25",7.7413,-6.3532
"2020-11-26",0,-9.5405
"2020-11-27",0,-6.7038
"2020-11-28",0,-3.8097
"2020-11-29",0,-3.0716
"2020-11-30",0,-3.2896
"2020-12-01",0,-8.1191
"2020-12-02",0,-9.4406
"2020-12-03",0,-4.7635
"2020-12-04",0,0.1253
"2020-12-05",0,2.1304
"2020-12-06",0,0.8537
"2020-12-07",0,1.8054
"2020-12-08",0,2.3003
"2020-12-09",0,1.6635
"2020-12-10",0,-4.4791
"2020-12-11",5.5885,-9.7969
"2020-12-12",0,-12.4463
"2020-12-13",11.8826,-10.5731
"2020-12-14",0.0569,-9.724
"2020-12-15",1.3276,-11.5202
"2020-12-16",1.9059,-5.7225
"2020-12-17",21.3257,-5.4618
"2020-12-18",0,-6.9626
"2020-12-19",0,-6.6492
"2020-12-20",1.9455,-3.8678
"2020-12-21",0,0.7316
"2020-12-22",11.2311,-5.3378
"2020-12-23",0,-12.1399
"2020-12-24",1.9569,-8.7787
"2020-12-25",0,-3.4837
"2020-12-26",16.0603,-3.9471
"2020-12-27",0,-8.3943
"2020-12-28",0,-10.3298
"2020-12-29",0,-9.9822
"2020-12-30",0,-10.7008
"2020-12-31",0.0756,-8.9325
"2021-01-01",0,-8.8492
"2021-01-02",1.3848,-9.1433
"2021-01-03",7.5414,-6.1042
"2021-01-04",9.25,-4.9031
"2021-01-05",12.5221,-8.1625
"2021-01-06",0,-6.9771
"2021-01-07",0,-6.2096
"2021-01-08",0,-6.7245
"2021-01-09",0,-8.3464
"2021-01-10",0,-9.9526
"2021-01-11",0,-7.051
"2021-01-12",0.1019,-4.0955
"2021-01-13",3.8991,-4.7115
"2021-01-14",0,-8.5286
"2021-01-15",0.67,-4.3759
"2021-01-16",0,-6.1804
"2021-01-17",0,-3.9138
"2021-01-18",0,-8.2641
"2021-01-19",0.0965,-8.7809
"2021-01-20",0,-6.5738
"2021-01-21",0.2769,-5.3082
"2021-01-22",7.5655,-2.7182
"2021-01-23",2.7537,-6.5342
"2021-01-24",0,-8.8106
"2021-01-25",0,-10.047
"2021-01-26",2.8775,-9.8352
"2021-01-27",1.2161,-8.6758
"2021-01-28",3.5648,-3.1629
"2021-01-29",15.6066,-3.2795
"2021-01-30",1.8086,-7.089
"2021-01-31",0,-5.1809
"2021-02-01",0.7306,-1.1449
"2021-02-02",3.1574,-0.1176
"2021-02-03",19.9768,-4.9276
"2021-02-04",2.5178,-8.59
"2021-02-05",31.2245,-7.0287
"2021-02-06",1.623,-4.9239
"2021-02-07",0,-4.1641
"2021-02-08",0,-5.1457
"2021-02-09",0,-2.73
"2021-02-10",0,-3.5649
"2021-02-11",10.0787,-3.0001
"2021-02-12",40.3489,-2.4209
"2021-02-13",10.0761,-4.7351
"2021-02-14",0,-10.229
"2021-02-15",13.5985,-6.4191
"2021-02-16",36.8145,-5.0112
"2021-02-17",1.9076,-9.5286
"2021-02-18",0.2532,-10.1693
"2021-02-19",6.1453,-6.2135
"2021-02-20",11.2419,-5.357
"2021-02-21",6.7227,-7.8511
"2021-02-22",0.3128,-2.4326
"2021-02-23",0,-5.8152
"2021-02-24",0.498,-17.1098
"2021-02-25",0.4753,-14.9672
"2021-02-26",2.2736,-12.1228
"2021-02-27",1.2171,-5.8992
"2021-02-28",0.0017,-2.2276
"2021-03-01",0.659,2.7093
"2021-03-02",0,-1.6741
"2021-03-03",0,0.3356
"2021-03-04",0,-0.9113
"2021-03-05",0,0.5311
"2021-03-06",0,0.166
"2021-03-07",0,-0.5106
"2021-03-08",3.5786,1.4943
"2021-03-09",4.5963,-5.852
"2021-03-10",0.0356,-5.8235
"2021-03-11",0,-5.688
"2021-03-12",0,-5.1398
"2021-03-13",0,-1.271
"2021-03-14",0,2.5327
"2021-03-15",0,1.1837
"2021-03-16",1.3713,-0.8856
"2021-03-17",0,-1.0634
"2021-03-18",0,2.5968
"2021-03-19",1.2373,4.6073
"2021-03-20",13.6555,-1.7183
"2021-03-21",0.8256,-5.8832
"2021-03-22",6.5437,-7.6772
"2021-03-23",6.9092,-3.7852
"2021-03-24",0.5283,-5.0154
"2021-03-25",10.3142,-4.249
"2021-03-26",0.4047,-3.3463
"2021-03-27",0.0013,-2.6373
"2021-03-28",0,2.2558
"2021-03-29",0,-4.2733
"2021-03-30",0,-9.6081
"2021-03-31",0,-4.0983
"2021-04-01",0,3.1806
"2021-04-02",0,7.5573
"2021-04-03",0,8.8752
"2021-04-04",0,9.889
"2021-04-05",4.8285,2.7886
"2021-04-06",3.9545,-3.6941
"2021-04-07",0,0.3104
"2021-04-08",0,-0.3515
"2021-04-09",0,-3.0802
"2021-04-10",0,2.2455
"2021-04-11",0,-3.0388
"2021-04-12",0,-2.4474
"2021-04-13",3.4198,-2.809
"2021-04-14",23.7777,-5.077
"2021-04-15",6.1867,-3.2382
"2021-04-16",0,-2.7473
"2021-04-17",0,-0.9332
"2021-04-18",0,2.5538
"2021-04-19",0.435,-1.4138
"2021-04-20",0,-2.2515
"2021-04-21",0,-0.962
"2021-04-22",0,0.9099
"2021-04-23",2.1593,2.8061
"2021-04-24",1.2226,4.4287
"2021-04-25",7.9116,2.6438
"2021-04-26",9.8365,0.3637
"2021-04-27",0,1.2412
"2021-04-28",0,3.4049
"2021-04-29",0,7.2038
"2021-04-30",0,11.1768
"2021-05-01",0,9.6946
"2021-05-02",5.653,3.1724
"2021-05-03",2.3562,3.3965
"2021-05-04",0.1089,3.7091
"2021-05-05",0,5.5025
"2021-05-06",0.0579,10.1022
"2021-05-07",2.6395,8.6628
"2021-05-08",0,0.0853
"2021-05-09",0.1488,0.0591
"2021-05-10",4.986,1.3506
"2021-05-11",0,2.7243
"2021-05-12",0.0853,5.44
"2021-05-13",0,9.6141
"2021-05-14",0,10.7278
"2021-05-15",0,9.9241
"2021-05-16",3.8381,9.3142
"2021-05-17",0,9.0303
"2021-05-18",0,10.9447
"2021-05-19",0,11.1244
"2021-05-20",0,7.3071
"2021-05-21",5.9209,4.3864
"2021-05-22",0.5624,5.434
"2021-05-23",9.5956,2.241
"2021-05-24",0.1778,2.9851
"2021-05-25",0,6.534
"2021-05-26",1.0684,5.7685
"2021-05-27",0,7.594
"2021-05-28",0.6643,8.548
"2021-05-29",0,7.7857
"2021-05-30",0,10.0198
"2021-05-31",0,10.8387
"2021-06-01",0,12.4758
"2021-06-02",0,14.3142
"2021-06-03",0,16.6181
"2021-06-04",0,17.8326
"2021-06-05",0,16.423
"2021-06-06",0,12.9766
"2021-06-07",0,14.5106
"2021-06-08",0,14.0573
"2021-06-09",0,14.4097
"2021-06-10",0,5.6422
"2021-06-11",0,6.1405
"2021-06-12",0,13.316
"2021-06-13",0,17.7461
"2021-06-14",0,18.8687
"2021-06-15",0,19.6052
"2021-06-16",0,17.7149
"2021-06-17",0,17.0362
"2021-06-18",0,18.038
"2021-06-19",0,18.368
"2021-06-20",0,14.8378
"2021-06-21",0,14.4328
"2021-06-22",0,18.1502
"2021-06-23",0,16.7549
"2021-06-24",4.4645,12.1056
"2021-06-25",0,11.6063
"2021-06-26",0,13.2753
"2021-06-27",0,14.0367
"2021-06-28",0,14.8785
"2021-06-29",0,15.1074
"2021-06-30",0,14.3211
"2021-07-01",0,14.1321
"2021-07-02",0,15.7818
"2021-07-03",0,17.7216
"2021-07-04",0.4482,18.3228
"2021-07-05",0,15.8327
"2021-07-06",0,17.021
"2021-07-07",0,19.3644
"2021-07-08",0,19.5504
"2021-07-09",0,17.0005
"2021-07-10",0,16.6988
"2021-07-11",0,18.8121
"2021-07-12",0,19.6563
"2021-07-13",0,19.2618
"2021-07-14",0,16.7106
"2021-07-15",0,17.9786
"2021-07-16",0,17.727
"2021-07-17",0,18.0663
"2021-07-18",0,20.1643
"2021-07-19",0.0067,18.3381
"2021-07-20",0,17.5437
"2021-07-21",0,18.5957
"2021-07-22",0,18.3211
"2021-07-23",0,17.7661
"2021-07-24",0,17.0019
"2021-07-25",0,18.2881
"2021-07-26",0,19.3108
"2021-07-27",0,18.9075
"2021-07-28",16.4746,16.3267
"2021-07-29",0.8152,16.3142
"2021-07-30",0.2849,15.4324
"2021-07-31",9.3147,16.0161
"2021-08-01",12.9175,14.6778
"2021-08-02",3.07,13.1969
"2021-08-03",1.1741,13.5626
"2021-08-04",0,15.8783
"2021-08-05",0,17.9497
"2021-08-06",0.0677,11.2832
"2021-08-07",0,11.9897
"2021-08-08",0,15.5524
"2021-08-09",0.4851,13.0328
"2021-08-10",0,13.3844
"2021-08-11",0,15.2048
"2021-08-12",0,18.4446
"2021-08-13",0,19.2492
"2021-08-14",0,19.2671
"2021-08-15",0,17.5184
"2021-08-16",0,18.5869
"2021-08-17",0.0579,18.2608
"2021-08-18",19.9063,8.211
"2021-08-19",12.7368,3.9049
"2021-08-20",0.1739,8.2695
"2021-08-21",24.119,10.3202
"2021-08-22",1.7228,10.1067
"2021-08-23",0,14.3861
"2021-08-24",0,14.7843
"2021-08-25",0,14.7903
"2021-08-26",0,12.8754
"2021-08-27",0.4753,11.5165
"2021-08-28",0,11.3816
"2021-08-29",0,13.2519
"2021-08-30",0,14.9555
"2021-08-31",0,16.4439
"2021-09-01",0,13.6717
"2021-09-02",0.066,13.3968
"2021-09-03",1.1659,10.6001
"2021-09-04",0.6903,11.5602
"2021-09-05",0,14.5487
"2021-09-06",0,15.9481
"2021-09-07",0,15.9055
"2021-09-08",0,17.2626
"2021-09-09",0,18.6471
"2021-09-10",4.7214,16.611
"2021-09-11",7.6641,12.2985
"2021-09-12",2.555,13.2956
"2021-09-13",3.007,11.8724
"2021-09-14",0.2274,11.0746
"2021-09-15",0,13.0275
"2021-09-16",0,11.7113
"2021-09-17",0,12.8683
"2021-09-18",1.364,13.6295
"2021-09-19",8.8416,6.4997
"2021-09-20",0,2.7896
"2021-09-21",0,5.723
"2021-09-22",0,9.718
"2021-09-23",0,9.971
"2021-09-24",1.3243,10.4661
"2021-09-25",0,11.6974
"2021-09-26",0,13.6744
"2021-09-27",0,14.7457
"2021-09-28",0,6.3772
"2021-09-29",0,2.9911
"2021-09-30",0,5.8632
"2021-10-01",0,8.4168
"2021-10-02",0,9.4983
"2021-10-03",0,9.9979
"2021-10-04",0,11.0612
"2021-10-05",0,12.307
"2021-10-06",2.9338,8.9295
"2021-10-07",6.9292,7.8363
"2021-10-08",33.062,3.5931
"2021-10-09",11.5058,1.6511
"2021-10-10",0,2.4668
"2021-10-11",15.4235,2.653
"2021-10-12",13.3599,-2.2976
"2021-10-13",2.4116,-3.9442
"2021-10-14",0.3455,-3.7093
"2021-10-15",0,-1.8926
"2021-10-16",0.7846,3.7538
"2021-10-17",0,6.5592
"2021-10-18",4.398,4.4522
"2021-10-19",15.2899,1.1278
"2021-10-20",0.0013,2.6359
"2021-10-21",0,5.9692
"2021-10-22",1.2757,7.4508
"2021-10-23",4.052,0.5676
"2021-10-24",9.2526,1.6622
"2021-10-25",23.8429,2.8191
"2021-10-26",6.1179,-2.0674
"2021-10-27",3.5524,0.4875
"2021-10-28",0.1312,3.3934
"2021-10-29",0,4.5975
"2021-10-30",0,6.0933
"2021-10-31",0.0102,5.1633
"2021-11-01",4.8941,3.5668
"2021-11-02",5.4065,1.3859
"2021-11-03",0,2.9189
"2021-11-04",0,5.7831
"2021-11-05",0.8844,4.4871
"2021-11-06",0,5.9557
"2021-11-07",3.3914,0.621
"2021-11-08",0.7804,0.0466
"2021-11-09",16.739,0.3103
"2021-11-10",4.3896,-1.2481
"2021-11-11",6.714,-0.2701
"2021-11-12",0,2.6595
"2021-11-13",0,4.3607
"2021-11-14",0,5.8402
"2021-11-15",0,7.3256
"2021-11-16",3.8073,-1.2013
"2021-11-17",0,-7.1884
"2021-11-18",4.445,-2.0315
"2021-11-19",3.9629,0.3571
"2021-11-20",0.5272,-4.6721
"2021-11-21",0,-3.4217
"2021-11-22",0,2.7905
"2021-11-23",0.0233,-1.3082
"2021-11-24",0,-7.1919
"2021-11-25",4.0968,-4.0167
"2021-11-26",0,2.1729
"2021-11-27",0,2.1569
"2021-11-28",0,4.4975
"2021-11-29",0,3.9259
"2021-11-30",0,0.3913
"2021-12-01",0,4.0745
"2021-12-02",0,5.951
"2021-12-03",0,4.0568
"2021-12-04",0,3.1276
"2021-12-05",0,-0.7247
"2021-12-06",0,-2.9348
"2021-12-07",0,-1.0986
"2021-12-08",7.5576,-0.5137
"2021-12-09",13.5116,-7.3523
"2021-12-10",4.871,-9.693
"2021-12-11",1.2221,-7.578
"2021-12-12",0,-2.4116
"2021-12-13",2.9608,-1.069
"2021-12-14",29.1704,-2.2002
"2021-12-15",0,-11.0117
"2021-12-16",15.2903,-9.2785
"2021-12-17",11.3338,-10.831
"2021-12-18",0,-8.6954
"2021-12-19",0,-4.1202
"2021-12-20",0,-2.4475
"2021-12-21",0,-2.5569
"2021-12-22",2.7817,-1.3442
"2021-12-23",26.6518,-1.0136
"2021-12-24",37.6306,-4.3378
"2021-12-25",1.3639,-5.4852
"2021-12-26",22.5188,-8.9322
"2021-12-27",17.8202,-11.4984
"2021-12-28",0,-15.1254
"2021-12-29",12.6696,-11.4842
"2021-12-30",28.5437,-7.3776
"2021-12-31",6.2932,-14.3298
"2022-01-01",0,-16.6212
"2022-01-02",0,-12.3664
"2022-01-03",1.3039,-7.3338
"2022-01-04",21.7075,-6.3178
"2022-01-05",60.9324,-4.7907
"2022-01-06",18.413,-2.208
"2022-01-07",1.8822,-2.0755
"2022-01-08",0,-10.2066
"2022-01-09",0,-9.0287
"2022-01-10",0,-4.0942
"2022-01-11",4.2795,-4.2919
"2022-01-12",0,-2.0472
"2022-01-13",0,-0.1936
"2022-01-14",0,-4.4549
"2022-01-15",0,-2.4277
"2022-01-16",0,-1.7486
"2022-01-17",0,-0.5412
"2022-01-18",0,-3.9933
"2022-01-19",0,-7.8125
"2022-01-20",7.7459,-8.6799
"2022-01-21",0,-6.8202
"2022-01-22",0,-6.6535
"2022-01-23",0,-4.3266
"2022-01-24",0,-5.8667
"2022-01-25",2.2473,-9.5632
"2022-01-26",0,-9.7055
"2022-01-27",1.0282,-9.0711
"2022-01-28",0,-5.641
"2022-01-29",2.0773,-1.9906
"2022-01-30",0,-2.2889
"2022-01-31",1.3145,-9.661
"2022-02-01",0,-13.4089
"2022-02-02",1.0268,-15.0391
"2022-02-03",0,-13.8136
"2022-02-04",0,-9.165
"2022-02-05",0,-6.7217
"2022-02-06",0,-6.6816
"2022-02-07",0,-1.7484
"2022-02-08",0,-1.8954
"2022-02-09",0,-2.9097
"2022-02-10",0,-1.0243
"2022-02-11",0,-3.1475
"2022-02-12",0,-3.3974
"2022-02-13",0,0.1732
"2022-02-14",0,1.4218
"2022-02-15",0,-2.7019
"2022-02-16",4.3452,-9.0323
"2022-02-17",0,-9.0115
"2022-02-18",0,-4.6689
"2022-02-19",0,-2.5982
"2022-02-20",0,-1.7255
"2022-02-21",6.699,-10.0846
"2022-02-22",0,-15.8486
"2022-02-23",0,-15.5982
"2022-02-24",3.7242,-17.0556
"2022-02-25",0,-15.0222
"2022-02-26",0,-11.7063
"2022-02-27",0,-5.5908
"2022-02-28",0,-1.328
"2022-03-01",0,3.5552
"2022-03-02",0,4.7575
"2022-03-03",0,5.7356
"2022-03-04",0,0.866
"2022-03-05",15.9383,-3.1037
"2022-03-06",2.4645,-8.3093
"2022-03-07",0,-11.2459
"2022-03-08",16.7839,-7.4672
"2022-03-09",9.4963,-12.6569
"2022-03-10",1.2249,-14.8325
"2022-03-11",4.3168,-10.1563
"2022-03-12",0,-1.2914
"2022-03-13",15.3451,-3.467
"2022-03-14",0,-4.0175
"2022-03-15",0.4543,0.1773
"2022-03-16",4.0982,-3.8684
"2022-03-17",0,-4.5183
"2022-03-18",0,-1.8519
"2022-03-19",0,0.9464
"2022-03-20",1.6688,-3.5712
"2022-03-21",0,-6.5133
"2022-03-22",0,-2.288
"2022-03-23",0,1.6252
"2022-03-24",0,4.4113
"2022-03-25",0,6.5927
"2022-03-26",0,8.9043
"2022-03-27",0,10.107
"2022-03-28",0.0054,5.6964
"2022-03-29",3.689,1.4729
"2022-03-30",0,1.6746
"2022-03-31",0.7194,-1.7514
"2022-04-01",0,-2.1871
"2022-04-02",0,2.089
"2022-04-03",0,1.2175
"2022-04-04",8.3415,1.2307
"2022-04-05",1.4553,-6.7685
"2022-04-06",0,-5.7544
"2022-04-07",0,0.7019
"2022-04-08",0,5.9819
"2022-04-09",0,-0.2175
"2022-04-10",0,-5.5856
"2022-04-11",20.2752,-5.7623
"2022-04-12",14.0609,-8.4774
"2022-04-13",5.5703,-7.232
"2022-04-14",8.7877,-3.5873
"2022-04-15",20.0051,-0.7943
"2022-04-16",5.3097,1.6569
"2022-04-17",0,-0.3515
"2022-04-18",1.6132,4.6975
"2022-04-19",4.6999,1.9971
"2022-04-20",4.5933,2.024
"2022-04-21",1.2578,5.9193
"2022-04-22",12.7027,0.279
"2022-04-23",1.2945,-1.5001
"2022-04-24",0,-0.418
"2022-04-25",0,1.4916
"2022-04-26",0,5.9078
"2022-04-27",0,6.7254
"2022-04-28",11.3661,4.4395
"2022-04-29",6.3232,-0.5272
"2022-04-30",1.0815,2.4199
"2022-05-01",10.4056,4.3192
"2022-05-02",7.4896,4.4031
"2022-05-03",10.8985,0.0215
"2022-05-04",3.0259,2.8282
"2022-05-05",0,6.2385
"2022-05-06",0,7.5007
"2022-05-07",0,3.1702
"2022-05-08",5.4708,-0.2391
"2022-05-09",18.9968,-5.2792
"2022-05-10",0,-1.3873
"2022-05-11",0,3.3042
"2022-05-12",1.4308,0.8591
"2022-05-13",0,3.0985
"2022-05-14",0,6.8365
"2022-05-15",0,9.9386
"2022-05-16",0,11.9099
"2022-05-17",0,8.3656
"2022-05-18",0,8.0223
"2022-05-19",4.4634,2.1081
"2022-05-20",0.0013,-1.6872
"2022-05-21",0,0.2886
"2022-05-22",0.607,2.3172
"2022-05-23",0,1.7813
"2022-05-24",1.1554,3.672
"2022-05-25",0,7.1065
"2022-05-26",0,12.576
"2022-05-27",1.3365,11.4708
"2022-05-28",9.6881,3.6138
"2022-05-29",10.5247,1.2635
"2022-05-30",2.5081,0.7246
"2022-05-31",0.0165,2.2296
"2022-06-01",0,6.1582
"2022-06-02",0,8.8926
"2022-06-03",0,11.1285
"2022-06-04",0,10.8414
"2022-06-05",12.9166,8.0837
"2022-06-06",0,7.1453
"2022-06-07",0,7.3222
"2022-06-08",0,10.5589
"2022-06-09",0,12.5351
"2022-06-10",0,14.487
"2022-06-11",0,15.774
"2022-06-12",0,14.8579
"2022-06-13",9.7581,2.8918
"2022-06-14",0,2.0187
"2022-06-15",0,4.4056
"2022-06-16",0,12.9376
"2022-06-17",0,17.073
"2022-06-18",2.1486,12.9191
"2022-06-19",0.0017,7.0006
"2022-06-20",1.4856,3.5213
"2022-06-21",0,8.2107
"2022-06-22",0,12.1552
"2022-06-23",0,13.8142
"2022-06-24",0.6645,10.8486
"2022-06-25",1.0821,10.7688
"2022-06-26",0,12.3006
"2022-06-27",0,14.6824
"2022-06-28",0,16.9298
"2022-06-29",0,14.5642
"2022-06-30",0,14.3839
"2022-07-01",0,15.0779
"2022-07-02",0,16.3534
"2022-07-03",0,15.8278
"2022-07-04",0,14.441
"2022-07-05",0,15.3757
"2022-07-06",0,16.0434
"2022-07-07",0,16.6184
"2022-07-08",0,17.5567
"2022-07-09",0,18.2765
"2022-07-10",0,16.4074
"2022-07-11",0,15.3612
"2022-07-12",0,17.8609
"2022-07-13",0,19.4033
"2022-07-14",0,19.0209
"2022-07-15",0,15.359
"2022-07-16",0,17.8791
"2022-07-17",0,20.5066
"2022-07-18",0,17.184
"2022-07-19",0,16.7961
"2022-07-20",0,17.9091
"2022-07-21",0,17.979
"2022-07-22",0,19.8066
"2022-07-23",0,19.1443
"2022-07-24",0,17.6323
"2022-07-25",0,16.5736
"2022-07-26",0,17.1416
"2022-07-27",0,18.2504
"2022-07-28",4.2238,17.6435
"2022-07-29",0,17.1918
"2022-07-30",0,18.1078
"2022-07-31",0,18.3722
"2022-08-01",4.3128,17.8401
"2022-08-02",7.1245,14.231
"2022-08-03",0,15.3217
"2022-08-04",0,17.6407
"2022-08-05",1.8789,16.3648
"2022-08-06",27.6629,10.4928
"2022-08-07",0,12.6375
"2022-08-08",0,13.6735
"2022-08-09",0,16.8847
"2022-08-10",0,17.8671
"2022-08-11",0,16.2244
"2022-08-12",0,17.3871
"2022-08-13",10.7182,15.0263
"2022-08-14",0,15.3882
"2022-08-15",0,16.0421
"2022-08-16",0,16.9662
"2022-08-17",0,17.8315
"2022-08-18",0,17.6142
"2022-08-19",3.2529,15.6258
"2022-08-20",2.8998,12.2099
"2022-08-21",0,14.0588
"2022-08-22",0,15.3768
"2022-08-23",0,16.1236
"2022-08-24",0.0317,17.0563
"2022-08-25",0,15.3646
"2022-08-26",1.1715,15.5862
"2022-08-27",0,14.6753
"2022-08-28",0,13.2322
"2022-08-29",0,14.7206
"2022-08-30",0,17.7543
"2022-08-31",0,18.9066
"2022-09-01",0,18.5635
"2022-09-02",0,18.2118
"2022-09-03",0,20.3486
"2022-09-04",0,20.8279
"2022-09-05",0,20.6852
"2022-09-06",0,21.036
"2022-09-07",0,22.2195
"2022-09-08",0,15.7904
"2022-09-09",0,10.6832
"2022-09-10",0,9.7761
"2022-09-11",0,13.7352
"2022-09-12",0,15.1905
"2022-09-13",12.2095,11.3872
"2022-09-14",0.0519,9.353
"2022-09-15",11.7584,9.3712
"2022-09-16",22.3224,7.5309
"2022-09-17",7.6488,7.5931
"2022-09-18",0.8519,10.9934
"2022-09-19",0,12.8058
"2022-09-20",0,13.9463
"2022-09-21",12.6392,11.7562
"2022-09-22",0,7.132
"2022-09-23",0,6.6886
"2022-09-24",0,9.3309
"2022-09-25",0.0017,11.791
"2022-09-26",0,13.2066
"2022-09-27",0,13.0734
"2022-09-28",0,13.9471
"2022-09-29",1.2344,11.1875
"2022-09-30",1.6403,5.5272
"2022-10-01",0,4.1063
"2022-10-02",0,6.7831
"2022-10-03",0,7.57
"2022-10-04",0,8.124
"2022-10-05",0,9.1661
"2022-10-06",0,9.936
"2022-10-07",0,10.1175
"2022-10-08",1.0296,9.7764
"2022-10-09",0,9.586
"2022-10-10",0,8.2783
"2022-10-11",0,6.8987
"2022-10-12",0,7.1545
"2022-10-13",0,8.0184
"2022-10-14",0,7.9745
"2022-10-15",0,7.3329
"2022-10-16",0,5.7631
"2022-10-17",0,8.5283
"2022-10-18",0,9.7834
"2022-10-19",0,9.8502
"2022-10-20",0,7.886
"2022-10-21",0,7.0181
"2022-10-22",26.3058,1.553
"2022-10-23",6.2195,-5.6471
"2022-10-24",0.3154,-3.9647
"2022-10-25",8.3839,-4.4257
"2022-10-26",21.3257,-5.9253
"2022-10-27",0,-5.7529
"2022-10-28",0,-2.4335
"2022-10-29",0.0013,0.3146
"2022-10-30",0,-0.1004
"2022-10-31",0,1.9364
"2022-11-01",1.1472,4.9658
"2022-11-02",12.1498,-2.0686
"2022-11-03",0,-5.3705
"2022-11-04",7.8909,-7.2723
"2022-11-05",45.5436,-3.5679
"2022-11-06",0,-4.3428
"2022-11-07",3.5925,1.5537
"2022-11-08",29.2183,0.2571
"2022-11-09",38.2382,-4.0755
"2022-11-10",0.8159,-9.0141
"2022-11-11",0,-8.7925
"2022-11-12",0,-5.4312
"2022-11-13",0,-5.7807
"2022-11-14",0,-9.0329
"2022-11-15",0,-8.1075
"2022-11-16",0,-6.33
"2022-11-17",0,-7.3792
"2022-11-18",0,-10.0859
"2022-11-19",0,-7.1146
"2022-11-20",0,-4.4762
"2022-11-21",0,-3.4729
"2022-11-22",2.2237,-1.7899
"2022-11-23",3.302,-5.715
"2022-11-24",0,-4.41
"2022-11-25",0,2.3663
"2022-11-26",6.2968,-4.2883
"2022-11-27",0,-5.9892
"2022-11-28",17.9043,-7.9218
"2022-11-29",0,-11.9964
"2022-11-30",0,-5.8978
"2022-12-01",11.8154,-3.7357
"2022-12-02",10.3265,-12.3092
"2022-12-03",0,-7.9922
"2022-12-04",20.8662,-2.659
"2022-12-05",0,-7.3838
"2022-12-06",0,-8.9649
"2022-12-07",0,-7.6439
"2022-12-08",0,-9.5764
"2022-12-09",9.2761,-9.2892
"2022-12-10",1.1334,-4.8871
"2022-12-11",14.6257,-3.3279
"2022-12-12",9.0311,-7.1521
"2022-12-13",2.7314,-8.1477
"2022-12-14",4.0327,-9.5215
"2022-12-15",0,-12.8993
"2022-12-16",0,-13.0897
"2022-12-17",0,-12.1401
"2022-12-18",0,-8.6173
"2022-12-19",0,-9.6175
"2022-12-20",0.4378,-5.7498
"2022-12-21",23.5653,-11.3672
"2022-12-22",0,-17.6236
"2022-12-23",5.5115,-8.0699
"2022-12-24",5.5992,-2.9472
"2022-12-25",1.7975,-1.1968
"2022-12-26",0,0.7882
"2022-12-27",44.1767,-1.4279
"2022-12-28",5.2297,-7.5376
"2022-12-29",0,-9.2759
"2022-12-30",17.1829,-5.6087
"2022-12-31",15.8531,-3.4187
"2023-01-01",15.9746,-6.0826
"2023-01-02",0.4349,-7.6204
"2023-01-03",2.3934,-10.6367
"2023-01-04",0,-7.8564
"2023-01-05",5.3185,-6.155
"2023-01-06",11.2842,-4.4776
"2023-01-07",0,-4.4104
"2023-01-08",0,-5.3764
"2023-01-09",14.8863,-5.5529
"2023-01-10",30.1739,-2.5364
"2023-01-11",18.0962,-8.9951
"2023-01-12",0.0214,-5.7579
"2023-01-13",0.5772,-1.4194
"2023-01-14",2.0512,-1.9181
"2023-01-15",11.4329,-4.8717
"2023-01-16",0.9683,-5.1073
"2023-01-17",0.0285,-7.4978
"2023-01-18",0,-10.703
"2023-01-19",0,-10.5482
"2023-01-20",0,-9.8159
"2023-01-21",0,-12.1275
"2023-01-22",0,-13.133
"2023-01-23",0,-8.0527
"2023-01-24",1.0224,-12.1009
"2023-01-25",0,-11.356
"2023-01-26",3.98,-9.6149
"2023-01-27",33.4925,-7.1035
"2023-01-28",20.608,-8.1095
"2023-01-29",5.5444,-13.7901
"2023-01-30",0,-19.6924
"2023-01-31",0,-17.0426
"2023-02-01",0,-8.4437
"2023-02-02",0,-5.6326
"2023-02-03",0.1266,-2.8646
"2023-02-04",0,-3.9482
"2023-02-05",13.8531,-4.723
"2023-02-06",13.9939,-6.2014
"2023-02-07",0,-6.1446
"2023-02-08",0.3016,-10.6974
"2023-02-09",0,-9.8286
"2023-02-10",1.6783,-4.7896
"2023-02-11",0,-1.6046
"2023-02-12",0,-1.5843
"2023-02-13",7.3758,-3.8602
"2023-02-14",8.9397,-11.8255
"2023-02-15",0,-12.3713
"2023-02-16",0,-11.3022
"2023-02-17",0.0214,-7.2882
"2023-02-18",8.5269,-7.1317
"2023-02-19",3.7842,-5.8119
"2023-02-20",6.829,-3.3893
"2023-02-21",40.1723,-5.8862
"2023-02-22",0,-12.5027
"2023-02-23",0,-11.3634
"2023-02-24",0,-3.5729
"2023-02-25",0,-0.5241
"2023-02-26",41.0649,-3.808
"2023-02-27",6.1487,-11.5487
"2023-02-28",1.3221,-7.0905
"2023-03-01",3.1285,-3.1446
"2023-03-02",0.0427,-10.1329
"2023-03-03",6.3503,-13.4715
"2023-03-04",20.1021,-9.0061
"2023-03-05",10.9506,-7.8035
"2023-03-06",2.4932,-12.4368
"2023-03-07",0,-11.4169
"2023-03-08",14.0046,-11.0404
"2023-03-09",7.6813,-7.6602
"2023-03-10",31.2068,-4.4182
"2023-03-11",0,-8.394
"2023-03-12",2.4218,-6.1343
"2023-03-13",4.3744,-2.942
"2023-03-14",6.2008,1.1834
"2023-03-15",26.3241,-6.3016
"2023-03-16",0.0214,-9.1105
"2023-03-17",0,-10.2025
"2023-03-18",0,-7.6026
"2023-03-19",1.7935,-4.7492
"2023-03-20",14.7858,-4.3105
"2023-03-21",5.8738,-4.0436
"2023-03-22",11.5021,-3.6581
"2023-03-23",6.7531,-3.4761
"2023-03-24",26.4583,-8.4707
"2023-03-25",8.4949,-13.202
"2023-03-26",2.9939,-12.062
"2023-03-27",0.1126,-11.5765
"2023-03-28",1.6524,-6.8121
"2023-03-29",7.3641,-1.3615
"2023-03-30",16.6622,-5.2419
"2023-03-31",26.4352,-4.4038
"2023-04-01",4.123,-2.1851
"2023-04-02",26.7579,-4.7539
"2023-04-03",28.0798,-6.0079
"2023-04-04",24.2493,-7.3531
"2023-04-05",9.3628,-7.9197
"2023-04-06",0,-7.2176
"2023-04-07",0,-2.3931
"2023-04-08",0,1.2074
"2023-04-09",0,2.4826
"2023-04-10",0,6.002
"2023-04-11",0,8.484
"2023-04-12",0.2574,5.1254
"2023-04-13",4.3056,-5.7747
"2023-04-14",0,-5.8344
"2023-04-15",0,-3.3357
"2023-04-16",0,3.0744
"2023-04-17",2.001,4.4513
"2023-04-18",22.791,-4.9286
"2023-04-19",0,-6.7166
"2023-04-20",9.3183,-4.8727
"2023-04-21",15.3657,-4.7442
"2023-04-22",0.9567,-3.2372
"2023-04-23",0,-2.5109
"2023-04-24",14.2503,0.6679
"2023-04-25",0,-1.9193
"2023-04-26",0,3.1626
"2023-04-27",0,3.2088
"2023-04-28",0.0034,3.7814
"2023-04-29",0,7.7841
"2023-04-30",0,11.448
"2023-05-01",0,11.3835
"2023-05-02",0,9.3072
"2023-05-03",0,9.8876
"2023-05-04",6.1804,5.3887
"2023-05-05",0.4908,2.7278
"2023-05-06",5.0414,2.5606
"2023-05-07",1.8245,2.6282
"2023-05-08",5.4295,4.0657
"2023-05-09",0.0214,4.7736
"2023-05-10",0,5.8658
"2023-05-11",0,5.5079
"2023-05-12",0,7.4228
"2023-05-13",0,7.1965
"2023-05-14",16.4837,7.0557
"2023-05-15",0,9.7086
"2023-05-16",0,10.1595
"2023-05-17",1.4608,9.668
"2023-05-18",1.5376,9.1716
"2023-05-19",0,10.4541
"2023-05-20",0,11.9025
"2023-05-21",0,13.3979
"2023-05-22",3.5774,11.5469
"2023-05-23",18.226,11.2789
"2023-05-24",3.2362,9.7389
"2023-05-25",1.8693,9.5393
"2023-05-26",1.3068,8.2414
"2023-05-27",2.3283,7.8137
"2023-05-28",0,7.8065
"2023-05-29",0,9.7782
"2023-05-30",0,10.3669
"2023-05-31",0,11.0814
"2023-06-01",2.795,10.3186
"2023-06-02",0.7172,7.939
"2023-06-03",0.4362,9.7876
"2023-06-04",2.6794,10.0074
"2023-06-05",0.0173,12.2521
"2023-06-06",0,12.8222
"2023-06-07",0,11.299
"2023-06-08",0.9578,10.9165
"2023-06-09",2.8077,9.3927
"2023-06-10",0,9.5001
"2023-06-11",3.676,10.1478
"2023-06-12",3.7351,9.0462
"2023-06-13",0.4579,8.7701
"2023-06-14",8.7555,8.8753
"2023-06-15",1.9859,6.6335
"2023-06-16",1.0553,7.2344
"2023-06-17",0,8.5701
"2023-06-18",3.3789,11.4616
"2023-06-19",8.0425,9.8803
"2023-06-20",4.4825,5.9217
"2023-06-21",0,6.9355
"2023-06-22",0,10.1574
"2023-06-23",0.3895,9.3175
"2023-06-24",0,9.7782
"2023-06-25",0,12.4271
"2023-06-26",0,12.5858
"2023-06-27",1.2846,10.9935
"2023-06-28",0,10.9562
"2023-06-29",1.4855,10.5358
"2023-06-30",0,12.6733
"2023-07-01",0,14.072
"2023-07-02",0,15.1187
"2023-07-03",1.2571,14.8524
"2023-07-04",0,12.7487
"2023-07-05",0,11.7622
"2023-07-06",0,13.2019
"2023-07-07",0.8338,13.7277
"2023-07-08",0,13.9624
"2023-07-09",0,16.1337
"2023-07-10",0,16.5668
"2023-07-11",0,15.5094
"2023-07-12",0,15.7146
"2023-07-13",0.0579,15.6394
"2023-07-14",0,14.0788
"2023-07-15",0,14.6624
"2023-07-16",0,18.2041
"2023-07-17",0,19.8415
"2023-07-18",0.2925,17.8296
"2023-07-19",0.0153,17.3313
"2023-07-20",0,16.1771
"2023-07-21",0.2745,17.4146
"2023-07-22",0,19.3298
"2023-07-23",0,21.2011
"2023-07-24",1.4487,16.3891
"2023-07-25",0,16.0276
"2023-07-26",0,17.5695
"2023-07-27",0.1259,17.8682
"2023-07-28",0,17.8743
"2023-07-29",0,19.36
"2023-07-30",0,19.4075
"2023-07-31",3.9502,17.8629
"2023-08-01",21.2882,16.5321
"2023-08-02",4.8649,12.6203
"2023-08-03",20.0627,9.6545
"2023-08-04",8.06,11.7376
"2023-08-05",0.4182,12.3972
"2023-08-06",1.581,12.699
"2023-08-07",1.7783,11.6603
"2023-08-08",1.676,8.5665
"2023-08-09",0,11.0767
"2023-08-10",0,14.515
"2023-08-11",0,14.5673
"2023-08-12",0,15.1567
"2023-08-13",0,14.1949
"2023-08-14",0,14.8504
"2023-08-15",0,17.7202
"2023-08-16",0,18.3159
"2023-08-17",0,18.4824
"2023-08-18",0,17.6399
"2023-08-19",1.6178,15.408
"2023-08-20",1.2659,15.2052
"2023-08-21",4.1141,14.8655
"2023-08-22",1.9557,11.4755
"2023-08-23",0,13.6776
"2023-08-24",0,14.2568
"2023-08-25",0,15.3974
"2023-08-26",5.1762,15.6844
"2023-08-27",0,14.9073
"2023-08-28",0,15.3791
"2023-08-29",0,16.8601
"2023-08-30",3.2495,12.0067
"2023-08-31",0,13.2107
"2023-09-01",0,13.8108
"2023-09-02",0,14.0733
"2023-09-03",7.3697,12.5605
"2023-09-04",35.5842,5.7447
"2023-09-05",0.6211,8.8138
"2023-09-06",0.3272,11.0966
"2023-09-07",0.2214,12.7524
"2023-09-08",0,13.6976
"2023-09-09",0,13.5439
"2023-09-10",0,12.6332
"2023-09-11",0,11.8556
"2023-09-12",0,12.8329
"2023-09-13",0.1455,10.6461
"2023-09-14",1.5809,9.6542
"2023-09-15",0,10.3807
"2023-09-16",0,11.1875
"2023-09-17",0,11.8069
"2023-09-18",0,12.7911
"2023-09-19",11.3882,10.0183
"2023-09-20",3.7366,9.3861
"2023-09-21",9.3093,3.1295
"2023-09-22",14.7799,1.9947
"2023-09-23",0.6916,4.2061
"2023-09-24",0,7.0537
"2023-09-25",0,11.5301
"2023-09-26",0,12.2452
"2023-09-27",0,10.6861
"2023-09-28",0.1212,8.2921
"2023-09-29",0,9.6177
"2023-09-30",0.2772,10.0307
"2023-10-01",4.8975,5.7481
"2023-10-02",14.5739,2.9446
"2023-10-03",11.3149,1.5211
"2023-10-04",4.6206,3.0265
"2023-10-05",0.0965,5.3325
"2023-10-06",0,7.592
"2023-10-07",0,8.9278
"2023-10-08",0,9.1719
"2023-10-09",0,10.168
"2023-10-10",0.8999,9.1929
"2023-10-11",15.4614,1.6692
"2023-10-12",6.2086,-0.1404
"2023-10-13",0.9472,2.1259
"2023-10-14",0,3.8811
"2023-10-15",0,6.6431
"2023-10-16",0,9.8801
"2023-10-17",0,8.3043
"2023-10-18",0,7.2715
"2023-10-19",0,9.9525
"2023-10-20",0,9.808
"2023-10-21",0,9.6597
"2023-10-22",0,9.4303
"2023-10-23",0,6.1285
"2023-10-24",0,3.1098
"2023-10-25",13.976,3.2623
"2023-10-26",14.9288,-6.8192
"2023-10-27",0,-5.2541
"2023-10-28",0,-8.7175
"2023-10-29",0,-8.7572
"2023-10-30",0,-6.3582
"2023-10-31",0,-1.1755
"2023-11-01",0,1.7856
"2023-11-02",0.2753,3.3057
"2023-11-03",0,3.5581
"2023-11-04",0.2369,4.8307
"2023-11-05",0.0021,4.3644
"2023-11-06",11.1627,2.9773
"2023-11-07",13.6482,-2.2414
"2023-11-08",0.077,-4.7972
"2023-11-09",0,-3.944
"2023-11-10",0,-3.5007
"2023-11-11",0,-1.9106
"2023-11-12",0,2.2273
"2023-11-13",0,3.7912
"2023-11-14",0,2.5745
"2023-11-15",1.4067,4.0434
"2023-11-16",14.8006,0.9245
"2023-11-17",0,1.0816
"2023-11-18",2.4598,0.5612
"2023-11-19",21.0155,-2.9651
"2023-11-20",0,-5.9354
"2023-11-21",0.0017,-3.0216
"2023-11-22",0.7689,-0.7085
"2023-11-23",11.4292,-4.3833
"2023-11-24",4.8771,-11.2979
"2023-11-25",0,-10.3886
"2023-11-26",0,-10.1489
"2023-11-27",0,-6.6463
"2023-11-28",1.3916,-1.6266
"2023-11-29",1.5421,-3.2276
"2023-11-30",0,-6.4175
"2023-12-01",21.7703,-7.5498
"2023-12-02",41.1133,-6.6552
"2023-12-03",39.7562,-3.738
"2023-12-04",5.6036,-1.6943
"2023-12-05",0,0.5831
"2023-12-06",2.5064,0.8151
"2023-12-07",20.1661,-3.2316
"2023-12-08",22.3932,-8.6255
"2023-12-09",0,-10.2824
"2023-12-10",0,-6.9543
"2023-12-11",9.676,-2.4758
"2023-12-12",0,-4.105
"2023-12-13",0,-4.0384
"2023-12-14",0,-2.5322
"2023-12-15",0,-1.5459
"2023-12-16",0,-1.1545
"2023-12-17",0,-0.5906
"2023-12-18",0,1.0584
"2023-12-19",0,0.9512
"2023-12-20",0,0.746
"2023-12-21",1.0604,0.0338
"2023-12-22",0.3739,-0.8226
"2023-12-23",2.0466,-7.2491
"2023-12-24",0,-12.3093
"2023-12-25",0,-11.6032
"2023-12-26",0,-9.1276
"2023-12-27",0,-5.4352
"2023-12-28",2.5129,0.0978
"2023-12-29",0,0.7345
"2023-12-30",0,0.8475
"2023-12-31",0,-2.1283
"2024-01-01",0,-3.6273
"2024-01-02",,-4.651
"2024-01-03",,-5.2275
"2024-01-04",,-7.1126
"2024-01-05",,-8.5908
"2024-01-06",,-9.3855
"2024-01-07",,-11.0749
"2024-01-08",,-12.8927
"2024-01-09",,-10.703
"2024-01-10",,-12.7996
"2024-01-11",,-13.307
"2024-01-12",,-12.3311
"2024-01-13",,-12.4337
"2024-01-14",,-7.8477
"2024-01-15",,-14.5262
"2024-01-16",,-11.9703
"2024-01-17",,-5.3501
"2024-01-18",,-4.2438
"2024-01-19",,-0.9983
"2024-01-20",,-0.7149
"2024-01-21",,-2.347
"2024-01-22",,-2.0142
"2024-01-23",,-2.0226
"2024-01-24",,-3.8261
"2024-01-25",,-3.7675
"2024-01-26",,-4.6365
"2024-01-27",,-4.5335
"2024-01-28",,2.0088
"2024-01-29",,1.6203
"2024-01-30",,1.8145
"2024-01-31",,1.2667
"2024-02-01",,0.6593
"2024-02-02",,-2.0601
"2024-02-03",,-5.3714
"2024-02-04",,-5.2782
"2024-02-05",,-2.645
"2024-02-06",,0.5227
"2024-02-07",,-3.8425
"2024-02-08",,-5.4121
"2024-02-09",,-9.8262
"2024-02-10",,-10.5474
"2024-02-11",,-8.6643
"2024-02-12",,-6.4197
"2024-02-13",,-3.6327
"2024-02-14",,-3.8233
"2024-02-15",,-2.3245
"2024-02-16",,-9.4871
"2024-02-17",,-7.8913
"2024-02-18",,-5.7737
"2024-02-19",,-2.4279
"2024-02-20",,-0.8392
"2024-02-21",,-2.7416
"2024-02-22",,-3.0633
"2024-02-23",,-3.9202
"2024-02-24",,-3.4343
"2024-02-25",,-0.5107
"2024-02-26",,-4.5944
"2024-02-27",,-11.4107
"2024-02-28",,-6.9501
"2024-02-29",,-1.9705
"2024-03-01",,0.0999
"2024-03-02",,-7.2253
"2024-03-03",,-12.9139
"2024-03-04",,-12.9992
"2024-03-05",,-9.2409
"2024-03-06",,-2.6819
"2024-03-07",,-7.8105
"2024-03-08",,-9.807
"2024-03-09",,-3.732
"2024-03-10",,-0.3808
"2024-03-11",,-0.9746
"2024-03-12",,-3.0782
"2024-03-13",,-7.5746
"2024-03-14",,-4.3595
"2024-03-15",,-2.3137
"2024-03-16",,-1.0821
"2024-03-17",,1.5651
"2024-03-18",,4.2348
"2024-03-19",,3.5556
"2024-03-20",,3.9015
"2024-03-21",,1.8923
"2024-03-22",,3.3677
"2024-03-23",,1.2682
"2024-03-24",,-2.3387
"2024-03-25",,-3.1597
"2024-03-26",,-3.8398
"2024-03-27",,-2.9403
"2024-03-28",,-3.7279
"2024-03-29",,-1.3674
"2024-03-30",,0.2581
"2024-03-31",,-2.1915
"2024-04-01",,-2.153
"2024-04-02",,0.2389
"2024-04-03",,4.6731
"2024-04-04",,5.5129
"2024-04-05",,-0.1572
"2024-04-06",,-6.7395
"2024-04-07",,-4.9618
"2024-04-08",,-3.7666
"2024-04-09",,-2.5867
"2024-04-10",,1.8756
"2024-04-11",,3.8659
"2024-04-12",,8.4531
"2024-04-13",,8.6314
"2024-04-14",,5.6944
"2024-04-15",,1.8276
"2024-04-16",,3.1707
"2024-04-17",,-2.289
"2024-04-18",,-3.3184
"2024-04-19",,0.8913
"2024-04-20",,3.6462
"2024-04-21",,6.0193
"2024-04-22",,4.809
"2024-04-23",,5.911
"2024-04-24",,9.0164
"2024-04-25",,5.0541
"2024-04-26",,3.076
"2024-04-27",,2.9128
"2024-04-28",,2.544
"2024-04-29",,2.8667
"2024-04-30",,-0.4615
"2024-05-01",,-3.7052
"2024-05-02",,-2.4755
"2024-05-03",,-0.2391
"2024-05-04",,4.3802
"2024-05-05",,2.1033
"2024-05-06",,-2.0065
"2024-05-07",,-2.8511
"2024-05-08",,-2.664
"2024-05-09",,2.4425
"2024-05-10",,4.9541
"2024-05-11",,7.1721
"2024-05-12",,9.7657
"2024-05-13",,8.7222
"2024-05-14",,6.1203
"2024-05-15",,8.092
"2024-05-16",,8.7837
"2024-05-17",,7.1908
"2024-05-18",,6.6782
"2024-05-19",,5.2241
"2024-05-20",,2.0166
"2024-05-21",,1.1941
"2024-05-22",,3.0678
"2024-05-23",,-0.8078
"2024-05-24",,3.3416
"2024-05-25",,4.1016
"2024-05-26",,6.1305
"2024-05-27",,8.0252
"2024-05-28",,11.8835
"2024-05-29",,7.8273
"2024-05-30",,5.016
"2024-05-31",,6.9742
"2024-06-01",,10.0287
"2024-06-02",,10.0899
"2024-06-03",,7.8525
"2024-06-04",,8.5737
"2024-06-05",,12.3645
"2024-06-06",,14.2247
"2024-06-07",,14.4814
"2024-06-08",,12.6329
"2024-06-09",,14.6097
"2024-06-10",,11.8192
"2024-06-11",,12.6304
"2024-06-12",,15.3911
"2024-06-13",,16.7915
"2024-06-14",,16.1815
"2024-06-15",,11.1165
"2024-06-16",,9.8442
"2024-06-17",,4.3495
"2024-06-18",,2.6554
"2024-06-19",,8.4256
"2024-06-20",,13.8254
"2024-06-21",,15.0668
"2024-06-22",,15.9051
"2024-06-23",,18.3964
"2024-06-24",,17.2919
"2024-06-25",,17.0945
"2024-06-26",,17.0556
"2024-06-27",,13.0146
"2024-06-28",,10.3728
"2024-06-29",,14.9421
"2024-06-30",,16.4378
"2024-07-01",,10.7272
"2024-07-02",,9.3971
"2024-07-03",,10.785
"2024-07-04",,10.3401
"2024-07-05",,12.4633
"2024-07-06",,13.5632
"2024-07-07",,13.6004
"2024-07-08",,14.3094
"2024-07-09",,17.202
"2024-07-10",,18.9613
"2024-07-11",,20.1796
"2024-07-12",,19.8538
"2024-07-13",,19.8663
"2024-07-14",,18.3567
"2024-07-15",,16.4682
"2024-07-16",,16.8359
"2024-07-17",,17.5182
"2024-07-18",,18.7576
"2024-07-19",,18.9681
"2024-07-20",,18.1628
"2024-07-21",,16.7024
"2024-07-22",,17.7927
"2024-07-23",,18.9025
"2024-07-24",,19.837
"2024-07-25",,16.7
"2024-07-26",,15.0853
"2024-07-27",,12.9104
"2024-07-28",,13.7117
"2024-07-29",,15.6712
"2024-07-30",,14.1127
"2024-07-31",,14.359
"2024-08-01",,17.1179
"2024-08-02",,19.5004
"2024-08-03",,20.728
"2024-08-04",,18.5723
"2024-08-05",,19.3463
"2024-08-06",,18.7316
"2024-08-07",,17.5104
"2024-08-08",,16.3044
"2024-08-09",,17.2235
"2024-08-10",,17.4815
"2024-08-11",,15.6312
"2024-08-12",,12.3998
"2024-08-13",,12.7325
"2024-08-14",,12.3697
"2024-08-15",,14.9517
"2024-08-16",,14.955
"2024-08-17",,15.3647
"2024-08-18",,15.3714
"2024-08-19",,15.6472
"2024-08-20",,17.2154
"2024-08-21",,15.0991
"2024-08-22",,15.0627
"2024-08-23",,13.9558
"2024-08-24",,12.5205
"2024-08-25",,10.4186
"2024-08-26",,8.5214
"2024-08-27",,11.7185
"2024-08-28",,10.414
"2024-08-29",,9.3573
"2024-08-30",,12.9282
"2024-08-31",,15.7151
"2024-09-01",,17.2987
"2024-09-02",,16.8561
"2024-09-03",,14.943
"2024-09-04",,11.3164
"2024-09-05",,12.9983
"2024-09-06",,15.4023
"2024-09-07",,16.4215
"2024-09-08",,16.5684
"2024-09-09",,16.4564
"2024-09-10",,15.8761
"2024-09-11",,13.4946
"2024-09-12",,3.9318
"2024-09-13",,6.1011
"2024-09-14",,9.8278
"2024-09-15",,13.0922
"2024-09-16",,10.6783
"2024-09-17",,3.2772
"2024-09-18",,4.6119
"2024-09-19",,7.326
"2024-09-20",,9.2096
"2024-09-21",,9.4385
"2024-09-22",,9.4002
"2024-09-23",,9.0919
"2024-09-24",,11.8852
"2024-09-25",,14.6599
"2024-09-26",,13.9722
"2024-09-27",,14.3206
"2024-09-28",,15.9316
"2024-09-29",,14.7807
"2024-09-30",,8.419
"2024-10-01",,9.4999
"2024-10-02",,12.03
"2024-10-03",,9.3611
"2024-10-04",,13.54
"2024-10-05",,9.4038
"2024-10-06",,10.452
"2024-10-07",,10.9743
"2024-10-08",,11.7982
"2024-10-09",,12.332
"2024-10-10",,12.9803
"2024-10-11",,12.0803
"2024-10-12",,11.6518
"2024-10-13",,11.4694
"2024-10-14",,11.8558
"2024-10-15",,11.4409
"2024-10-16",,9.3764
"2024-10-17",,0.0008
"2024-10-18",,-1.0605
"2024-10-19",,2.736
"2024-10-20",,5.6298
"2024-10-21",,4.8514
"2024-10-22",,6.0949
"2024-10-23",,5.8095
"2024-10-24",,-0.3181
"2024-10-25",,2.6981
"2024-10-26",,7.3266
"2024-10-27",,7.2974
"2024-10-28",,1.957
"2024-10-29",,-4.9902
"2024-10-30",,-4.5548
"2024-10-31",,-5.6789
"2024-11-01",,-3.3858
"2024-11-02",,-1.5068
"2024-11-03",,-6.6607
"2024-11-04",,-6.2037
"2024-11-05",,-8.4336
"2024-11-06",,-7.2453
"2024-11-07",,-4.7731
"2024-11-08",,0.164
"2024-11-09",,0.3156
"2024-11-10",,2.5785
"2024-11-11",,4.4901
"2024-11-12",,-3.3988
"2024-11-13",,-4.1909
"2024-11-14",,-0.2328
"2024-11-15",,-1.1562
"2024-11-16",,-6.6924
"2024-11-17",,-5.9605
"2024-11-18",,-8.0189
"2024-11-19",,-11.3741
"2024-11-20",,-7.2206
"2024-11-21",,-0.3125
"2024-11-22",,2.3404
"2024-11-23",,0.0684
"2024-11-24",,-7.5509
"2024-11-25",,-7.9603